<?xml version = '1.0' encoding = 'UTF-8'?>
<Relation class="oracle.dbtools.crest.model.design.logical.Relation" name="Relation_28" directorySegmentName="seg_0" id="03ACF27F-8E9D-A1DB-A8A2-A44D6BF9B5FF">
<createdBy>WillOP</createdBy>
<createdTime>2017-07-01 04:32:10 UTC</createdTime>
<ownerDesignName>Entidarelacionfase2</ownerDesignName>
<engineerTo>
<item key="6EB0748C-6369-FD01-5C49-DC77E889AFBC" value="true"/>
</engineerTo>
<sourcePk>72782790-3293-5BB3-FBBF-893DE506A3F2</sourcePk>
<identifying>false</identifying>
<optionalSource>true</optionalSource>
<optionalTarget>false</optionalTarget>
<sourceCardinality>1</sourceCardinality>
<sourceEntity>C365E816-D473-5CFD-823C-EE15AF9E466B</sourceEntity>
<targetCardinalityString>*</targetCardinalityString>
<targetEntity>0E6EFEFC-C2E9-6D0E-A261-7FEBDEF6F3A5</targetEntity>
<transferable>true</transferable>
<deleteRule>NO ACTION</deleteRule>
</Relation>