<?xml version = '1.0' encoding = 'UTF-8'?>
<Relation class="oracle.dbtools.crest.model.design.logical.Relation" name="Relation_4" directorySegmentName="seg_0" id="073B27C5-7BA7-B47C-CAAF-C31B62969207">
<createdBy>WillOP</createdBy>
<createdTime>2017-06-28 00:50:04 UTC</createdTime>
<ownerDesignName>Entidarelacionfase2</ownerDesignName>
<engineerTo>
<item key="6EB0748C-6369-FD01-5C49-DC77E889AFBC" value="true"/>
</engineerTo>
<sourcePk>DFA1A74E-A479-2A51-11A2-7FF53AF44DCC</sourcePk>
<identifying>false</identifying>
<optionalSource>true</optionalSource>
<optionalTarget>false</optionalTarget>
<sourceCardinality>1</sourceCardinality>
<sourceEntity>AD0E225A-074B-CE28-C4A8-B6058BF642DC</sourceEntity>
<targetCardinalityString>*</targetCardinalityString>
<targetEntity>B8C61CA9-4074-E92E-1A6D-8C3FBBB8CC34</targetEntity>
<transferable>true</transferable>
<deleteRule>NO ACTION</deleteRule>
</Relation>