<?xml version = '1.0' encoding = 'UTF-8'?>
<Relation class="oracle.dbtools.crest.model.design.logical.Relation" name="Relation_5" directorySegmentName="seg_0" id="12260227-17AE-3278-C640-CA8569B85962">
<createdBy>WillOP</createdBy>
<createdTime>2017-06-28 00:51:18 UTC</createdTime>
<ownerDesignName>Entidarelacionfase2</ownerDesignName>
<engineerTo>
<item key="6EB0748C-6369-FD01-5C49-DC77E889AFBC" value="true"/>
</engineerTo>
<sourcePk>8203A07B-8116-E8AD-3938-E096510F0CE4</sourcePk>
<identifying>false</identifying>
<optionalSource>true</optionalSource>
<optionalTarget>false</optionalTarget>
<sourceCardinality>1</sourceCardinality>
<sourceEntity>B8C61CA9-4074-E92E-1A6D-8C3FBBB8CC34</sourceEntity>
<targetCardinalityString>*</targetCardinalityString>
<targetEntity>884EC8BF-0B91-F010-885C-72417AE2017A</targetEntity>
<transferable>true</transferable>
<deleteRule>NO ACTION</deleteRule>
</Relation>