<?xml version = '1.0' encoding = 'UTF-8'?>
<Relation class="oracle.dbtools.crest.model.design.logical.Relation" name="Relation_12" directorySegmentName="seg_0" id="1DBAA7D4-330F-FC07-180A-182B0209152F">
<createdBy>WillOP</createdBy>
<createdTime>2017-06-28 00:55:18 UTC</createdTime>
<ownerDesignName>Entidarelacionfase2</ownerDesignName>
<engineerTo>
<item key="6EB0748C-6369-FD01-5C49-DC77E889AFBC" value="true"/>
</engineerTo>
<sourcePk>8203A07B-8116-E8AD-3938-E096510F0CE4</sourcePk>
<identifying>false</identifying>
<optionalSource>true</optionalSource>
<optionalTarget>false</optionalTarget>
<sourceCardinality>1</sourceCardinality>
<sourceEntity>B8C61CA9-4074-E92E-1A6D-8C3FBBB8CC34</sourceEntity>
<targetCardinalityString>*</targetCardinalityString>
<targetEntity>90850850-ECB7-68F2-E3FE-C323C842E332</targetEntity>
<transferable>true</transferable>
<deleteRule>NO ACTION</deleteRule>
</Relation>