<?xml version = '1.0' encoding = 'UTF-8'?>
<Relation class="oracle.dbtools.crest.model.design.logical.Relation" name="Relation_19" directorySegmentName="seg_0" id="3E2D42D5-ACF4-F9FF-15F7-9135D6608388">
<createdBy>WillOP</createdBy>
<createdTime>2017-06-30 06:11:03 UTC</createdTime>
<ownerDesignName>Entidarelacionfase2</ownerDesignName>
<engineerTo>
<item key="6EB0748C-6369-FD01-5C49-DC77E889AFBC" value="true"/>
</engineerTo>
<sourcePk>DC74D512-C894-959C-DD7E-60BD4192248A</sourcePk>
<identifying>false</identifying>
<optionalSource>true</optionalSource>
<optionalTarget>false</optionalTarget>
<sourceCardinality>1</sourceCardinality>
<sourceEntity>075CCBD6-A31C-4462-9647-1EA40B2A8CBB</sourceEntity>
<targetCardinalityString>*</targetCardinalityString>
<targetEntity>35AC1068-3C9E-BF19-4FDE-002AC361B0D3</targetEntity>
<transferable>true</transferable>
<deleteRule>NO ACTION</deleteRule>
</Relation>