<?xml version = '1.0' encoding = 'UTF-8'?>
<Relation class="oracle.dbtools.crest.model.design.logical.Relation" name="Relation_3" directorySegmentName="seg_0" id="3F40ABE8-A863-4150-F932-E33FBAC63CE1">
<createdBy>WillOP</createdBy>
<createdTime>2017-06-28 00:49:51 UTC</createdTime>
<ownerDesignName>Entidarelacionfase2</ownerDesignName>
<engineerTo>
<item key="6EB0748C-6369-FD01-5C49-DC77E889AFBC" value="true"/>
</engineerTo>
<sourcePk>72782790-3293-5BB3-FBBF-893DE506A3F2</sourcePk>
<identifying>false</identifying>
<optionalSource>true</optionalSource>
<optionalTarget>false</optionalTarget>
<sourceCardinality>1</sourceCardinality>
<sourceEntity>C365E816-D473-5CFD-823C-EE15AF9E466B</sourceEntity>
<targetCardinalityString>*</targetCardinalityString>
<targetEntity>AD0E225A-074B-CE28-C4A8-B6058BF642DC</targetEntity>
<transferable>true</transferable>
<deleteRule>NO ACTION</deleteRule>
</Relation>