<?xml version = '1.0' encoding = 'UTF-8'?>
<Relation class="oracle.dbtools.crest.model.design.logical.Relation" name="Relation_7" directorySegmentName="seg_0" id="52DDDAF3-46F0-6715-702C-17427A986658">
<createdBy>WillOP</createdBy>
<createdTime>2017-06-28 00:51:36 UTC</createdTime>
<ownerDesignName>Entidarelacionfase2</ownerDesignName>
<engineerTo>
<item key="6EB0748C-6369-FD01-5C49-DC77E889AFBC" value="true"/>
</engineerTo>
<sourcePk>8203A07B-8116-E8AD-3938-E096510F0CE4</sourcePk>
<identifying>false</identifying>
<optionalSource>true</optionalSource>
<optionalTarget>false</optionalTarget>
<sourceCardinality>1</sourceCardinality>
<sourceEntity>B8C61CA9-4074-E92E-1A6D-8C3FBBB8CC34</sourceEntity>
<targetCardinalityString>*</targetCardinalityString>
<targetEntity>58DF3A18-AA1D-D80C-9947-C7C642D58CAF</targetEntity>
<transferable>true</transferable>
<deleteRule>NO ACTION</deleteRule>
</Relation>