<?xml version = '1.0' encoding = 'UTF-8'?>
<Relation class="oracle.dbtools.crest.model.design.logical.Relation" name="Relation_10" directorySegmentName="seg_0" id="9B01AC0A-8FDA-1121-355F-0A917E6DF9CC">
<createdBy>WillOP</createdBy>
<createdTime>2017-06-28 00:52:57 UTC</createdTime>
<ownerDesignName>Entidarelacionfase2</ownerDesignName>
<engineerTo>
<item key="6EB0748C-6369-FD01-5C49-DC77E889AFBC" value="true"/>
</engineerTo>
<sourcePk>2CA8F046-7ECB-625B-490C-9F15DCA68E17</sourcePk>
<identifying>false</identifying>
<optionalSource>true</optionalSource>
<optionalTarget>false</optionalTarget>
<sourceCardinality>1</sourceCardinality>
<sourceEntity>F80159E0-D377-E2CA-AEE4-B603AD95344A</sourceEntity>
<targetCardinalityString>*</targetCardinalityString>
<targetEntity>20988486-1B5A-0639-C8B2-0FFAF586CBF3</targetEntity>
<transferable>true</transferable>
<deleteRule>NO ACTION</deleteRule>
</Relation>