<?xml version = '1.0' encoding = 'UTF-8'?>
<Relation class="oracle.dbtools.crest.model.design.logical.Relation" name="Relation_30" directorySegmentName="seg_0" id="9C84A100-1D07-127B-6CED-FD6654DD4383">
<createdBy>WillOP</createdBy>
<createdTime>2017-07-04 17:34:33 UTC</createdTime>
<ownerDesignName>Entidarelacionfase2</ownerDesignName>
<engineerTo>
<item key="6EB0748C-6369-FD01-5C49-DC77E889AFBC" value="true"/>
</engineerTo>
<sourcePk>DC74D512-C894-959C-DD7E-60BD4192248A</sourcePk>
<identifying>false</identifying>
<optionalSource>true</optionalSource>
<optionalTarget>false</optionalTarget>
<sourceCardinality>1</sourceCardinality>
<sourceEntity>075CCBD6-A31C-4462-9647-1EA40B2A8CBB</sourceEntity>
<targetCardinalityString>*</targetCardinalityString>
<targetEntity>DE503A11-5CED-53C8-AB5F-B3737E387962</targetEntity>
<transferable>true</transferable>
<deleteRule>NO ACTION</deleteRule>
</Relation>