<?xml version = '1.0' encoding = 'UTF-8'?>
<Relation class="oracle.dbtools.crest.model.design.logical.Relation" name="Relation_18" directorySegmentName="seg_0" id="AE9EA16A-0F4D-1111-FBD4-B17266AE957E">
<createdBy>WillOP</createdBy>
<createdTime>2017-06-30 06:06:27 UTC</createdTime>
<ownerDesignName>Entidarelacionfase2</ownerDesignName>
<engineerTo>
<item key="6EB0748C-6369-FD01-5C49-DC77E889AFBC" value="true"/>
</engineerTo>
<sourcePk>DC74D512-C894-959C-DD7E-60BD4192248A</sourcePk>
<identifying>false</identifying>
<optionalSource>true</optionalSource>
<optionalTarget>false</optionalTarget>
<sourceCardinality>1</sourceCardinality>
<sourceEntity>075CCBD6-A31C-4462-9647-1EA40B2A8CBB</sourceEntity>
<targetCardinalityString>*</targetCardinalityString>
<targetEntity>884EC8BF-0B91-F010-885C-72417AE2017A</targetEntity>
<transferable>true</transferable>
<deleteRule>NO ACTION</deleteRule>
</Relation>