<?xml version = '1.0' encoding = 'UTF-8'?>
<Relation class="oracle.dbtools.crest.model.design.logical.Relation" name="Relation_11" directorySegmentName="seg_0" id="BC9C6257-D244-5FFC-459B-6ED031D37C3D">
<createdBy>WillOP</createdBy>
<createdTime>2017-06-28 00:53:59 UTC</createdTime>
<ownerDesignName>Entidarelacionfase2</ownerDesignName>
<engineerTo>
<item key="6EB0748C-6369-FD01-5C49-DC77E889AFBC" value="true"/>
</engineerTo>
<sourcePk>8203A07B-8116-E8AD-3938-E096510F0CE4</sourcePk>
<identifying>false</identifying>
<optionalSource>true</optionalSource>
<optionalTarget>false</optionalTarget>
<sourceCardinality>1</sourceCardinality>
<sourceEntity>B8C61CA9-4074-E92E-1A6D-8C3FBBB8CC34</sourceEntity>
<targetCardinalityString>*</targetCardinalityString>
<targetEntity>0ADA9692-8B04-808C-88BF-884FA1D17B6A</targetEntity>
<transferable>true</transferable>
<deleteRule>NO ACTION</deleteRule>
</Relation>