<?xml version = '1.0' encoding = 'UTF-8'?>
<Relation class="oracle.dbtools.crest.model.design.logical.Relation" name="Relation_26" directorySegmentName="seg_0" id="DADDFB23-2F7A-8755-05C2-868C0E25C7C9">
<createdBy>WillOP</createdBy>
<createdTime>2017-06-30 15:33:44 UTC</createdTime>
<ownerDesignName>Entidarelacionfase2</ownerDesignName>
<engineerTo>
<item key="6EB0748C-6369-FD01-5C49-DC77E889AFBC" value="true"/>
</engineerTo>
<sourcePk>BCCCC6B0-FEC6-6AB5-13ED-5C5DDD609C15</sourcePk>
<identifying>false</identifying>
<optionalSource>true</optionalSource>
<optionalTarget>false</optionalTarget>
<sourceCardinality>1</sourceCardinality>
<sourceEntity>FC0F9881-49E6-2300-39C6-6095B9EF3C04</sourceEntity>
<targetCardinalityString>*</targetCardinalityString>
<targetEntity>075CCBD6-A31C-4462-9647-1EA40B2A8CBB</targetEntity>
<transferable>true</transferable>
<deleteRule>NO ACTION</deleteRule>
</Relation>