<?xml version = '1.0' encoding = 'UTF-8'?>
<Relation class="oracle.dbtools.crest.model.design.logical.Relation" name="Relation_2" directorySegmentName="seg_0" id="DDEC29A4-0401-8ECB-13FB-533F896FA9DC">
<createdBy>WillOP</createdBy>
<createdTime>2017-06-28 00:49:38 UTC</createdTime>
<ownerDesignName>Entidarelacionfase2</ownerDesignName>
<engineerTo>
<item key="6EB0748C-6369-FD01-5C49-DC77E889AFBC" value="true"/>
</engineerTo>
<sourcePk>F68F8896-C8A6-3849-972C-D956B39836BB</sourcePk>
<identifying>false</identifying>
<optionalSource>true</optionalSource>
<optionalTarget>false</optionalTarget>
<sourceCardinality>1</sourceCardinality>
<sourceEntity>48630965-FCBC-0727-2519-9FD8010C6B5B</sourceEntity>
<targetCardinalityString>*</targetCardinalityString>
<targetEntity>C365E816-D473-5CFD-823C-EE15AF9E466B</targetEntity>
<transferable>true</transferable>
<deleteRule>NO ACTION</deleteRule>
</Relation>