<?xml version = '1.0' encoding = 'UTF-8'?>
<Relation class="oracle.dbtools.crest.model.design.logical.Relation" name="Relation_25" directorySegmentName="seg_0" id="E50B2483-D259-FF77-1CCA-35E0B285B083">
<createdBy>WillOP</createdBy>
<createdTime>2017-06-30 15:33:26 UTC</createdTime>
<ownerDesignName>Entidarelacionfase2</ownerDesignName>
<engineerTo>
<item key="6EB0748C-6369-FD01-5C49-DC77E889AFBC" value="true"/>
</engineerTo>
<sourcePk>31451E87-24CF-8B48-C3E6-F39F2F6C8664</sourcePk>
<identifying>false</identifying>
<optionalSource>true</optionalSource>
<optionalTarget>false</optionalTarget>
<sourceCardinality>1</sourceCardinality>
<sourceEntity>E6C58C50-33DE-2927-667F-400510EC58AC</sourceEntity>
<targetCardinalityString>*</targetCardinalityString>
<targetEntity>FC0F9881-49E6-2300-39C6-6095B9EF3C04</targetEntity>
<transferable>true</transferable>
<deleteRule>NO ACTION</deleteRule>
</Relation>