<?xml version = '1.0' encoding = 'UTF-8'?>
<Relation class="oracle.dbtools.crest.model.design.logical.Relation" name="Relation_9" directorySegmentName="seg_0" id="EA74BD05-F8DB-B4A1-2DBA-788A9D173E3D">
<createdBy>WillOP</createdBy>
<createdTime>2017-06-28 00:52:47 UTC</createdTime>
<ownerDesignName>Entidarelacionfase2</ownerDesignName>
<engineerTo>
<item key="6EB0748C-6369-FD01-5C49-DC77E889AFBC" value="true"/>
</engineerTo>
<sourcePk>3836BFB5-4B0E-214B-E017-32F54A4232E3</sourcePk>
<identifying>false</identifying>
<optionalSource>true</optionalSource>
<optionalTarget>false</optionalTarget>
<sourceCardinality>1</sourceCardinality>
<sourceEntity>20988486-1B5A-0639-C8B2-0FFAF586CBF3</sourceEntity>
<targetCardinalityString>*</targetCardinalityString>
<targetEntity>F48E5F43-EFBB-DDA2-6538-DDA13A2DC792</targetEntity>
<transferable>true</transferable>
<deleteRule>NO ACTION</deleteRule>
</Relation>