<?xml version = '1.0' encoding = 'UTF-8'?>
<Relation class="oracle.dbtools.crest.model.design.logical.Relation" name="Relation_27" directorySegmentName="seg_0" id="F4B2A232-386F-82FA-5EF8-406EEEF299B3">
<createdBy>WillOP</createdBy>
<createdTime>2017-07-01 04:28:08 UTC</createdTime>
<ownerDesignName>Entidarelacionfase2</ownerDesignName>
<engineerTo>
<item key="6EB0748C-6369-FD01-5C49-DC77E889AFBC" value="true"/>
</engineerTo>
<sourcePk>DFA1A74E-A479-2A51-11A2-7FF53AF44DCC</sourcePk>
<identifying>false</identifying>
<optionalSource>true</optionalSource>
<optionalTarget>false</optionalTarget>
<sourceCardinality>1</sourceCardinality>
<sourceEntity>AD0E225A-074B-CE28-C4A8-B6058BF642DC</sourceEntity>
<targetCardinalityString>*</targetCardinalityString>
<targetEntity>C365E816-D473-5CFD-823C-EE15AF9E466B</targetEntity>
<transferable>true</transferable>
<deleteRule>NO ACTION</deleteRule>
</Relation>