<?xml version = '1.0' encoding = 'UTF-8'?>
<Relation class="oracle.dbtools.crest.model.design.logical.Relation" name="Relation_17" directorySegmentName="seg_0" id="F54ED146-F026-F2C0-2863-C2562A3F1850">
<createdBy>WillOP</createdBy>
<createdTime>2017-06-30 06:06:07 UTC</createdTime>
<ownerDesignName>Entidarelacionfase2</ownerDesignName>
<engineerTo>
<item key="6EB0748C-6369-FD01-5C49-DC77E889AFBC" value="true"/>
</engineerTo>
<sourcePk>31451E87-24CF-8B48-C3E6-F39F2F6C8664</sourcePk>
<identifying>false</identifying>
<optionalSource>true</optionalSource>
<optionalTarget>false</optionalTarget>
<sourceCardinality>1</sourceCardinality>
<sourceEntity>E6C58C50-33DE-2927-667F-400510EC58AC</sourceEntity>
<targetCardinalityString>*</targetCardinalityString>
<targetEntity>075CCBD6-A31C-4462-9647-1EA40B2A8CBB</targetEntity>
<transferable>true</transferable>
<deleteRule>NO ACTION</deleteRule>
</Relation>