<?xml version = '1.0' encoding = 'UTF-8'?>
<Relation class="oracle.dbtools.crest.model.design.logical.Relation" name="Relation_13" directorySegmentName="seg_0" id="FCFCC9B1-8CDE-D232-3AF8-F3D5C1C0C517">
<createdBy>WillOP</createdBy>
<createdTime>2017-06-28 00:55:26 UTC</createdTime>
<ownerDesignName>Entidarelacionfase2</ownerDesignName>
<engineerTo>
<item key="6EB0748C-6369-FD01-5C49-DC77E889AFBC" value="true"/>
</engineerTo>
<sourcePk>B3CF23E9-5922-6000-87DD-F71CFF6DA2F9</sourcePk>
<identifying>false</identifying>
<optionalSource>true</optionalSource>
<optionalTarget>false</optionalTarget>
<sourceCardinality>1</sourceCardinality>
<sourceEntity>DE503A11-5CED-53C8-AB5F-B3737E387962</sourceEntity>
<targetCardinalityString>*</targetCardinalityString>
<targetEntity>90850850-ECB7-68F2-E3FE-C323C842E332</targetEntity>
<transferable>true</transferable>
<deleteRule>NO ACTION</deleteRule>
</Relation>