<?xml version="1.0" encoding="UTF-8"?>
<project-private xmlns="http://www.netbeans.org/ns/project-private/1">
    <editor-bookmarks xmlns="http://www.netbeans.org/ns/editor-bookmarks/2" lastBookmarkId="0"/>
    <open-files xmlns="http://www.netbeans.org/ns/projectui-open-files/2">
        <group>
            <file>file:/C:/Users/WillOP/Documents/NetBeansProjects/Fase2/src/java/Consultas/Login.java</file>
            <file>file:/C:/Users/WillOP/Documents/NetBeansProjects/Fase2/src/java/Conexion/Conexion.java</file>
            <file>file:/C:/Users/WillOP/Documents/NetBeansProjects/Fase2/src/java/Metodos/Creacion.java</file>
            <file>file:/C:/Users/WillOP/Documents/NetBeansProjects/Fase2/src/java/Consultas/Consultacuentanomina.java</file>
            <file>file:/C:/Users/WillOP/Documents/NetBeansProjects/Fase2/src/java/Metodos/Actualizacion.java</file>
            <file>file:/C:/Users/WillOP/Documents/NetBeansProjects/Fase2/src/java/Paquetewebservice/Webservicefase2.java</file>
        </group>
    </open-files>
</project-private>
