<?xml version = '1.0' encoding = 'UTF-8'?>
<relationalModel class="oracle.dbtools.crest.model.design.relational.RelationalDesign" name="Relational_1" id="6EB0748C-6369-FD01-5C49-DC77E889AFBC" mainViewID="9C3C24A9-DE79-8188-10D7-F527B0BDCED2">
<createdBy>WillOP</createdBy>
<createdTime>2017-06-28 00:12:32 UTC</createdTime>
<ownerDesignName>Entidarelacionfase2</ownerDesignName>
<shouldBeOpen>false</shouldBeOpen>
<selectedRDBMSSite>32076570-2523-435C-2E92-BF29817DFF70</selectedRDBMSSite>
</relationalModel>