<?xml version = '1.0' encoding = 'UTF-8'?>
<Entity class="oracle.dbtools.crest.model.design.logical.Entity" directorySegmentName="seg_0" id="075CCBD6-A31C-4462-9647-1EA40B2A8CBB" name="Operario">
<createdBy>WillOP</createdBy>
<createdTime>2017-06-30 05:46:37 UTC</createdTime>
<ownerDesignName>Entidarelacionfase2</ownerDesignName>
<engineerTo>
<item key="6EB0748C-6369-FD01-5C49-DC77E889AFBC" value="true"/>
</engineerTo>
<adequatelyNormalized>NO</adequatelyNormalized>
<expectedVolumes>0</expectedVolumes>
<fwdEngineeringStrategyName>Single Table</fwdEngineeringStrategyName>
<growthPercent>0</growthPercent>
<growthType>Year</growthType>
<maxVolumes>9999999</maxVolumes>
<minVolumes>0</minVolumes>
<normalForm>Third</normalForm>
<attributes itemClass="oracle.dbtools.crest.model.design.logical.Attribute">
<Attribute name="ID_operario" id="A810C879-E43D-8A9F-7888-039991183491">
<createdBy>WillOP</createdBy>
<createdTime>2017-06-30 05:46:47 UTC</createdTime>
<ownerDesignName>Entidarelacionfase2</ownerDesignName>
<engineerTo>
<item key="6EB0748C-6369-FD01-5C49-DC77E889AFBC" value="true"/>
</engineerTo>
<useDomainConstraints>false</useDomainConstraints>
<use>1</use>
<logicalDatatype>LOGDT011</logicalDatatype>
<ownDataTypeParameters>,,</ownDataTypeParameters>
</Attribute>
<Attribute name="Nombre_operario" id="D13E8656-5F71-B6F7-D86D-B73619A1B483">
<createdBy>WillOP</createdBy>
<createdTime>2017-06-30 05:48:40 UTC</createdTime>
<ownerDesignName>Entidarelacionfase2</ownerDesignName>
<engineerTo>
<item key="6EB0748C-6369-FD01-5C49-DC77E889AFBC" value="true"/>
</engineerTo>
<nullsAllowed>true</nullsAllowed>
<useDomainConstraints>false</useDomainConstraints>
<use>1</use>
<logicalDatatype>LOGDT024</logicalDatatype>
<dataTypeSize>30</dataTypeSize>
<ownDataTypeParameters>30,,</ownDataTypeParameters>
</Attribute>
<Attribute name="Apellido" id="91384208-903A-AED9-4AB1-B6E1B96E7B94">
<createdBy>WillOP</createdBy>
<createdTime>2017-06-30 05:49:51 UTC</createdTime>
<ownerDesignName>Entidarelacionfase2</ownerDesignName>
<engineerTo>
<item key="6EB0748C-6369-FD01-5C49-DC77E889AFBC" value="true"/>
</engineerTo>
<nullsAllowed>true</nullsAllowed>
<useDomainConstraints>false</useDomainConstraints>
<use>1</use>
<logicalDatatype>LOGDT024</logicalDatatype>
<dataTypeSize>30</dataTypeSize>
<ownDataTypeParameters>30,,</ownDataTypeParameters>
</Attribute>
<Attribute name="Telefono" id="1A165223-1CD4-52EC-D780-3C0719D083C7">
<createdBy>WillOP</createdBy>
<createdTime>2017-06-30 05:50:07 UTC</createdTime>
<ownerDesignName>Entidarelacionfase2</ownerDesignName>
<engineerTo>
<item key="6EB0748C-6369-FD01-5C49-DC77E889AFBC" value="true"/>
</engineerTo>
<nullsAllowed>true</nullsAllowed>
<useDomainConstraints>false</useDomainConstraints>
<use>1</use>
<logicalDatatype>LOGDT011</logicalDatatype>
<ownDataTypeParameters>,,</ownDataTypeParameters>
</Attribute>
<Attribute name="ID_agencia" id="070F1CBC-7578-8EF2-D928-DD92B7190A6C">
<createdBy>WillOP</createdBy>
<createdTime>2017-06-30 06:06:07 UTC</createdTime>
<comment>#</comment>
<generatorID>F54ED146-F026-F2C0-2863-C2562A3F1850</generatorID>
<ownerDesignName>Entidarelacionfase2</ownerDesignName>
<engineerTo>
<item key="6EB0748C-6369-FD01-5C49-DC77E889AFBC" value="true"/>
</engineerTo>
<referedAttribute>2171762D-6800-0F57-B704-79990C9A9C46</referedAttribute>
<useDomainConstraints>false</useDomainConstraints>
<use>1</use>
<logicalDatatype>LOGDT011</logicalDatatype>
<ownDataTypeParameters>,,</ownDataTypeParameters>
</Attribute>
<Attribute name="ID_gerente_agencia" id="5BE35DEF-B64C-57C4-B92E-7FADECC9016A">
<createdBy>WillOP</createdBy>
<createdTime>2017-06-30 15:33:44 UTC</createdTime>
<generatorID>DADDFB23-2F7A-8755-05C2-868C0E25C7C9</generatorID>
<ownerDesignName>Entidarelacionfase2</ownerDesignName>
<engineerTo>
<item key="6EB0748C-6369-FD01-5C49-DC77E889AFBC" value="true"/>
</engineerTo>
<referedAttribute>B4BECE57-D231-B632-D0D9-97BEFBE7BF74</referedAttribute>
<useDomainConstraints>false</useDomainConstraints>
<use>1</use>
<logicalDatatype>LOGDT011</logicalDatatype>
<ownDataTypeParameters>,,</ownDataTypeParameters>
</Attribute>
<Attribute name="Tipo_operario" id="BB1B95AF-2DD8-62F0-C0B1-54A90A5E1AA4">
<createdBy>WillOP</createdBy>
<createdTime>2017-06-30 16:10:00 UTC</createdTime>
<ownerDesignName>Entidarelacionfase2</ownerDesignName>
<engineerTo>
<item key="6EB0748C-6369-FD01-5C49-DC77E889AFBC" value="true"/>
</engineerTo>
<nullsAllowed>true</nullsAllowed>
<useDomainConstraints>false</useDomainConstraints>
<use>1</use>
<logicalDatatype>LOGDT024</logicalDatatype>
<dataTypeSize>20</dataTypeSize>
<ownDataTypeParameters>20,,</ownDataTypeParameters>
</Attribute>
</attributes>
<identifiers itemClass="oracle.dbtools.crest.model.design.logical.CandidateKey">
<identifier id="DC74D512-C894-959C-DD7E-60BD4192248A" name="Operario PK">
<createdBy>WillOP</createdBy>
<createdTime>2017-06-30 05:48:39 UTC</createdTime>
<ownerDesignName>Entidarelacionfase2</ownerDesignName>
<engineerTo>
<item key="6EB0748C-6369-FD01-5C49-DC77E889AFBC" value="true"/>
</engineerTo>
<pk>true</pk>
<usedAttributes>
<attributeRef>A810C879-E43D-8A9F-7888-039991183491</attributeRef>
</usedAttributes>
</identifier>
</identifiers>
</Entity>