<?xml version = '1.0' encoding = 'UTF-8'?>
<Entity class="oracle.dbtools.crest.model.design.logical.Entity" directorySegmentName="seg_0" id="0E6EFEFC-C2E9-6D0E-A261-7FEBDEF6F3A5" name="Detalle_nomina_empleado">
<createdBy>WillOP</createdBy>
<createdTime>2017-07-01 04:31:12 UTC</createdTime>
<ownerDesignName>Entidarelacionfase2</ownerDesignName>
<engineerTo>
<item key="6EB0748C-6369-FD01-5C49-DC77E889AFBC" value="true"/>
</engineerTo>
<adequatelyNormalized>NO</adequatelyNormalized>
<expectedVolumes>0</expectedVolumes>
<fwdEngineeringStrategyName>Single Table</fwdEngineeringStrategyName>
<growthPercent>0</growthPercent>
<growthType>Year</growthType>
<maxVolumes>9999999</maxVolumes>
<minVolumes>0</minVolumes>
<normalForm>Third</normalForm>
<attributes itemClass="oracle.dbtools.crest.model.design.logical.Attribute">
<Attribute name="ID_detalle_nomina" id="914458AC-112F-02D9-419D-9B9390A8D127">
<createdBy>WillOP</createdBy>
<createdTime>2017-07-01 04:31:29 UTC</createdTime>
<ownerDesignName>Entidarelacionfase2</ownerDesignName>
<engineerTo>
<item key="6EB0748C-6369-FD01-5C49-DC77E889AFBC" value="true"/>
</engineerTo>
<useDomainConstraints>false</useDomainConstraints>
<use>1</use>
<logicalDatatype>LOGDT011</logicalDatatype>
<ownDataTypeParameters>,,</ownDataTypeParameters>
</Attribute>
<Attribute name="CUI" id="5EEA46E1-8200-A807-1159-55292A849212">
<createdBy>WillOP</createdBy>
<createdTime>2017-07-01 04:31:49 UTC</createdTime>
<ownerDesignName>Entidarelacionfase2</ownerDesignName>
<engineerTo>
<item key="6EB0748C-6369-FD01-5C49-DC77E889AFBC" value="true"/>
</engineerTo>
<nullsAllowed>true</nullsAllowed>
<use>0</use>
<ownDataTypeParameters>,,</ownDataTypeParameters>
</Attribute>
<Attribute name="ID_nomina" id="3302019F-6EDD-3491-7EEF-B4DBD4C7B9AE">
<createdBy>WillOP</createdBy>
<createdTime>2017-07-01 04:32:01 UTC</createdTime>
<ownerDesignName>Entidarelacionfase2</ownerDesignName>
<engineerTo>
<item key="6EB0748C-6369-FD01-5C49-DC77E889AFBC" value="true"/>
</engineerTo>
<nullsAllowed>true</nullsAllowed>
<use>0</use>
<ownDataTypeParameters>,,</ownDataTypeParameters>
</Attribute>
<Attribute name="ID_nomina1" id="7F3D70DD-7948-EAA8-A8DC-80A967230DED">
<createdBy>WillOP</createdBy>
<createdTime>2017-07-01 04:32:10 UTC</createdTime>
<generatorID>03ACF27F-8E9D-A1DB-A8A2-A44D6BF9B5FF</generatorID>
<ownerDesignName>Entidarelacionfase2</ownerDesignName>
<engineerTo>
<item key="6EB0748C-6369-FD01-5C49-DC77E889AFBC" value="true"/>
</engineerTo>
<referedAttribute>3E0F185D-0193-620D-E0E6-2DCB71FD8141</referedAttribute>
<useDomainConstraints>false</useDomainConstraints>
<use>1</use>
<logicalDatatype>LOGDT011</logicalDatatype>
<ownDataTypeParameters>,,</ownDataTypeParameters>
</Attribute>
<Attribute name="Nombre_nomina" id="79CC5484-A70B-1F8D-6024-8B34D1118432">
<createdBy>WillOP</createdBy>
<createdTime>2017-07-01 04:32:10 UTC</createdTime>
<generatorID>03ACF27F-8E9D-A1DB-A8A2-A44D6BF9B5FF</generatorID>
<ownerDesignName>Entidarelacionfase2</ownerDesignName>
<engineerTo>
<item key="6EB0748C-6369-FD01-5C49-DC77E889AFBC" value="true"/>
</engineerTo>
<referedAttribute>0F3E1230-36E1-1D20-1AC3-190315FBF0A0</referedAttribute>
<useDomainConstraints>false</useDomainConstraints>
<use>1</use>
<logicalDatatype>LOGDT024</logicalDatatype>
<dataTypeSize>30</dataTypeSize>
<ownDataTypeParameters>,,</ownDataTypeParameters>
</Attribute>
<Attribute name="CUI1" id="ECE4A40F-4FCD-55A5-7A4F-1EBA38A5AACE">
<createdBy>WillOP</createdBy>
<createdTime>2017-07-01 04:32:14 UTC</createdTime>
<generatorID>1791F913-79AF-BEDD-0150-32D71D541756</generatorID>
<ownerDesignName>Entidarelacionfase2</ownerDesignName>
<engineerTo>
<item key="6EB0748C-6369-FD01-5C49-DC77E889AFBC" value="true"/>
</engineerTo>
<referedAttribute>DA2D7A69-1A6D-84B9-1C01-57FEBE66158A</referedAttribute>
<useDomainConstraints>false</useDomainConstraints>
<use>1</use>
<ownDataTypeParameters>,,</ownDataTypeParameters>
</Attribute>
</attributes>
<identifiers itemClass="oracle.dbtools.crest.model.design.logical.CandidateKey">
<identifier id="34CBC105-0B82-9FCD-F36D-8A4DDDCE6EEB" name="Detalle_nomina_empleado PK">
<createdBy>WillOP</createdBy>
<createdTime>2017-07-01 04:31:40 UTC</createdTime>
<ownerDesignName>Entidarelacionfase2</ownerDesignName>
<engineerTo>
<item key="6EB0748C-6369-FD01-5C49-DC77E889AFBC" value="true"/>
</engineerTo>
<pk>true</pk>
<usedAttributes>
<attributeRef>914458AC-112F-02D9-419D-9B9390A8D127</attributeRef>
</usedAttributes>
</identifier>
</identifiers>
</Entity>