<?xml version = '1.0' encoding = 'UTF-8'?>
<Entity class="oracle.dbtools.crest.model.design.logical.Entity" directorySegmentName="seg_0" id="20988486-1B5A-0639-C8B2-0FFAF586CBF3" name="Articulos">
<createdBy>WillOP</createdBy>
<createdTime>2017-06-28 00:34:37 UTC</createdTime>
<ownerDesignName>Entidarelacionfase2</ownerDesignName>
<engineerTo>
<item key="6EB0748C-6369-FD01-5C49-DC77E889AFBC" value="true"/>
</engineerTo>
<adequatelyNormalized>NO</adequatelyNormalized>
<expectedVolumes>0</expectedVolumes>
<fwdEngineeringStrategyName>Single Table</fwdEngineeringStrategyName>
<growthPercent>0</growthPercent>
<growthType>Year</growthType>
<maxVolumes>9999999</maxVolumes>
<minVolumes>0</minVolumes>
<normalForm>Third</normalForm>
<attributes itemClass="oracle.dbtools.crest.model.design.logical.Attribute">
<Attribute name="ID_articulo" id="165737D5-19F8-6B8D-656E-DF765D12373E">
<createdBy>WillOP</createdBy>
<createdTime>2017-06-28 00:34:49 UTC</createdTime>
<ownerDesignName>Entidarelacionfase2</ownerDesignName>
<engineerTo>
<item key="6EB0748C-6369-FD01-5C49-DC77E889AFBC" value="true"/>
</engineerTo>
<useDomainConstraints>false</useDomainConstraints>
<use>1</use>
<logicalDatatype>LOGDT011</logicalDatatype>
<ownDataTypeParameters>,,</ownDataTypeParameters>
</Attribute>
<Attribute name="Nombre_articulo" id="631B133F-24CB-0162-711F-29C31B409D08">
<createdBy>WillOP</createdBy>
<createdTime>2017-06-28 00:35:32 UTC</createdTime>
<ownerDesignName>Entidarelacionfase2</ownerDesignName>
<engineerTo>
<item key="6EB0748C-6369-FD01-5C49-DC77E889AFBC" value="true"/>
</engineerTo>
<nullsAllowed>true</nullsAllowed>
<useDomainConstraints>false</useDomainConstraints>
<use>1</use>
<logicalDatatype>LOGDT024</logicalDatatype>
<dataTypeSize>30</dataTypeSize>
<ownDataTypeParameters>30,,</ownDataTypeParameters>
</Attribute>
<Attribute name="Valor_puntos" id="36832CDE-747B-47FC-022E-B42ACA3427D5">
<createdBy>WillOP</createdBy>
<createdTime>2017-06-28 00:36:01 UTC</createdTime>
<ownerDesignName>Entidarelacionfase2</ownerDesignName>
<engineerTo>
<item key="6EB0748C-6369-FD01-5C49-DC77E889AFBC" value="true"/>
</engineerTo>
<nullsAllowed>true</nullsAllowed>
<useDomainConstraints>false</useDomainConstraints>
<use>1</use>
<logicalDatatype>LOGDT011</logicalDatatype>
<ownDataTypeParameters>,,</ownDataTypeParameters>
</Attribute>
<Attribute name="ID_patrocinador" id="55C52BDD-FEA3-19B0-FE12-1BF02B3B3F04">
<createdBy>WillOP</createdBy>
<createdTime>2017-06-28 00:52:57 UTC</createdTime>
<generatorID>9B01AC0A-8FDA-1121-355F-0A917E6DF9CC</generatorID>
<ownerDesignName>Entidarelacionfase2</ownerDesignName>
<engineerTo>
<item key="6EB0748C-6369-FD01-5C49-DC77E889AFBC" value="true"/>
</engineerTo>
<referedAttribute>C7D1B5A8-AEBE-2CDD-B9FC-FC0DA2EFD814</referedAttribute>
<useDomainConstraints>false</useDomainConstraints>
<use>1</use>
<logicalDatatype>LOGDT011</logicalDatatype>
<ownDataTypeParameters>,,</ownDataTypeParameters>
</Attribute>
</attributes>
<identifiers itemClass="oracle.dbtools.crest.model.design.logical.CandidateKey">
<identifier id="3836BFB5-4B0E-214B-E017-32F54A4232E3" name="Articulos PK">
<createdBy>WillOP</createdBy>
<createdTime>2017-06-28 00:35:30 UTC</createdTime>
<ownerDesignName>Entidarelacionfase2</ownerDesignName>
<engineerTo>
<item key="6EB0748C-6369-FD01-5C49-DC77E889AFBC" value="true"/>
</engineerTo>
<pk>true</pk>
<usedAttributes>
<attributeRef>165737D5-19F8-6B8D-656E-DF765D12373E</attributeRef>
</usedAttributes>
</identifier>
</identifiers>
</Entity>