<?xml version = '1.0' encoding = 'UTF-8'?>
<Entity class="oracle.dbtools.crest.model.design.logical.Entity" directorySegmentName="seg_0" id="58DF3A18-AA1D-D80C-9947-C7C642D58CAF" name="Cheque">
<createdBy>WillOP</createdBy>
<createdTime>2017-06-28 00:28:33 UTC</createdTime>
<ownerDesignName>Entidarelacionfase2</ownerDesignName>
<engineerTo>
<item key="6EB0748C-6369-FD01-5C49-DC77E889AFBC" value="true"/>
</engineerTo>
<adequatelyNormalized>NO</adequatelyNormalized>
<expectedVolumes>0</expectedVolumes>
<fwdEngineeringStrategyName>Single Table</fwdEngineeringStrategyName>
<growthPercent>0</growthPercent>
<growthType>Year</growthType>
<maxVolumes>9999999</maxVolumes>
<minVolumes>0</minVolumes>
<normalForm>Third</normalForm>
<attributes itemClass="oracle.dbtools.crest.model.design.logical.Attribute">
<Attribute name="Numero_cuenta" id="14ED983F-7143-6696-243E-7A9C781AD902">
<createdBy>WillOP</createdBy>
<createdTime>2017-06-28 00:28:43 UTC</createdTime>
<ownerDesignName>Entidarelacionfase2</ownerDesignName>
<engineerTo>
<item key="6EB0748C-6369-FD01-5C49-DC77E889AFBC" value="true"/>
</engineerTo>
<useDomainConstraints>false</useDomainConstraints>
<use>1</use>
<logicalDatatype>LOGDT011</logicalDatatype>
<ownDataTypeParameters>,,</ownDataTypeParameters>
</Attribute>
<Attribute name="Correlativo_cheque" id="68C40866-B9F1-904B-4F73-A5E9907AE75E">
<createdBy>WillOP</createdBy>
<createdTime>2017-06-28 00:32:26 UTC</createdTime>
<ownerDesignName>Entidarelacionfase2</ownerDesignName>
<engineerTo>
<item key="6EB0748C-6369-FD01-5C49-DC77E889AFBC" value="true"/>
</engineerTo>
<nullsAllowed>true</nullsAllowed>
<useDomainConstraints>false</useDomainConstraints>
<use>1</use>
<logicalDatatype>LOGDT024</logicalDatatype>
<dataTypeSize>30</dataTypeSize>
<ownDataTypeParameters>30,,</ownDataTypeParameters>
</Attribute>
<Attribute name="ID_cuenta" id="335C5C85-8F8B-A61C-4B91-199E62783321">
<createdBy>WillOP</createdBy>
<createdTime>2017-06-28 00:51:36 UTC</createdTime>
<generatorID>52DDDAF3-46F0-6715-702C-17427A986658</generatorID>
<ownerDesignName>Entidarelacionfase2</ownerDesignName>
<engineerTo>
<item key="6EB0748C-6369-FD01-5C49-DC77E889AFBC" value="true"/>
</engineerTo>
<referedAttribute>8AB0131C-C1FD-BD67-655C-75A3265E0F64</referedAttribute>
<useDomainConstraints>false</useDomainConstraints>
<use>1</use>
<logicalDatatype>LOGDT011</logicalDatatype>
<ownDataTypeParameters>,,</ownDataTypeParameters>
</Attribute>
<Attribute name="Monto" id="60686E4D-82E1-F203-2007-9AECD997B61C">
<createdBy>WillOP</createdBy>
<createdTime>2017-06-30 14:47:56 UTC</createdTime>
<ownerDesignName>Entidarelacionfase2</ownerDesignName>
<engineerTo>
<item key="6EB0748C-6369-FD01-5C49-DC77E889AFBC" value="true"/>
</engineerTo>
<nullsAllowed>true</nullsAllowed>
<useDomainConstraints>false</useDomainConstraints>
<use>1</use>
<logicalDatatype>LOGDT020</logicalDatatype>
<dataTypePrecision>100</dataTypePrecision>
<dataTypeScale>1</dataTypeScale>
<ownDataTypeParameters>,100,1</ownDataTypeParameters>
</Attribute>
<Attribute name="Destinatario_cheque" id="53DE0CB1-206B-50C0-406F-AAFF2701C42E">
<createdBy>WillOP</createdBy>
<createdTime>2017-06-30 14:48:29 UTC</createdTime>
<ownerDesignName>Entidarelacionfase2</ownerDesignName>
<engineerTo>
<item key="6EB0748C-6369-FD01-5C49-DC77E889AFBC" value="true"/>
</engineerTo>
<nullsAllowed>true</nullsAllowed>
<useDomainConstraints>false</useDomainConstraints>
<use>1</use>
<logicalDatatype>LOGDT024</logicalDatatype>
<dataTypeSize>80</dataTypeSize>
<ownDataTypeParameters>80,,</ownDataTypeParameters>
</Attribute>
</attributes>
<identifiers itemClass="oracle.dbtools.crest.model.design.logical.CandidateKey">
<identifier id="AFEA2D22-6A9B-1C37-4464-258B8CEE1C8B" name="Cheque PK">
<createdBy>WillOP</createdBy>
<createdTime>2017-06-28 00:32:23 UTC</createdTime>
<ownerDesignName>Entidarelacionfase2</ownerDesignName>
<engineerTo>
<item key="6EB0748C-6369-FD01-5C49-DC77E889AFBC" value="true"/>
</engineerTo>
<pk>true</pk>
<usedAttributes>
<attributeRef>14ED983F-7143-6696-243E-7A9C781AD902</attributeRef>
</usedAttributes>
</identifier>
</identifiers>
</Entity>