<?xml version = '1.0' encoding = 'UTF-8'?>
<Entity class="oracle.dbtools.crest.model.design.logical.Entity" directorySegmentName="seg_0" id="884EC8BF-0B91-F010-885C-72417AE2017A" name="Solicitud_prestamo">
<createdBy>WillOP</createdBy>
<createdTime>2017-06-28 00:22:02 UTC</createdTime>
<ownerDesignName>Entidarelacionfase2</ownerDesignName>
<engineerTo>
<item key="6EB0748C-6369-FD01-5C49-DC77E889AFBC" value="true"/>
</engineerTo>
<adequatelyNormalized>NO</adequatelyNormalized>
<expectedVolumes>0</expectedVolumes>
<fwdEngineeringStrategyName>Single Table</fwdEngineeringStrategyName>
<growthPercent>0</growthPercent>
<growthType>Year</growthType>
<maxVolumes>9999999</maxVolumes>
<minVolumes>0</minVolumes>
<normalForm>Third</normalForm>
<attributes itemClass="oracle.dbtools.crest.model.design.logical.Attribute">
<Attribute name="ID_prestamo" id="CBE8D698-2073-652C-B1A9-0EE4773D5966">
<createdBy>WillOP</createdBy>
<createdTime>2017-06-28 00:22:23 UTC</createdTime>
<ownerDesignName>Entidarelacionfase2</ownerDesignName>
<engineerTo>
<item key="6EB0748C-6369-FD01-5C49-DC77E889AFBC" value="true"/>
</engineerTo>
<useDomainConstraints>false</useDomainConstraints>
<use>1</use>
<logicalDatatype>LOGDT011</logicalDatatype>
<ownDataTypeParameters>,,</ownDataTypeParameters>
</Attribute>
<Attribute name="Estado_aprobacion" id="622F57B0-64F5-11AC-B4B3-AE0A7E100CFA">
<createdBy>WillOP</createdBy>
<createdTime>2017-06-28 00:23:42 UTC</createdTime>
<ownerDesignName>Entidarelacionfase2</ownerDesignName>
<engineerTo>
<item key="6EB0748C-6369-FD01-5C49-DC77E889AFBC" value="true"/>
</engineerTo>
<nullsAllowed>true</nullsAllowed>
<useDomainConstraints>false</useDomainConstraints>
<use>1</use>
<logicalDatatype>LOGDT024</logicalDatatype>
<dataTypeSize>25</dataTypeSize>
<ownDataTypeParameters>25,,</ownDataTypeParameters>
</Attribute>
<Attribute name="ID_cuenta" id="0B4238C3-D49C-79CF-903F-2DCEC0025A63">
<createdBy>WillOP</createdBy>
<createdTime>2017-06-28 00:51:18 UTC</createdTime>
<generatorID>12260227-17AE-3278-C640-CA8569B85962</generatorID>
<ownerDesignName>Entidarelacionfase2</ownerDesignName>
<engineerTo>
<item key="6EB0748C-6369-FD01-5C49-DC77E889AFBC" value="true"/>
</engineerTo>
<referedAttribute>8AB0131C-C1FD-BD67-655C-75A3265E0F64</referedAttribute>
<useDomainConstraints>false</useDomainConstraints>
<use>1</use>
<logicalDatatype>LOGDT011</logicalDatatype>
<ownDataTypeParameters>,,</ownDataTypeParameters>
</Attribute>
<Attribute name="Monto" id="450AE135-F18F-95A9-4F1E-85522230D1E7">
<createdBy>WillOP</createdBy>
<createdTime>2017-06-30 00:39:40 UTC</createdTime>
<ownerDesignName>Entidarelacionfase2</ownerDesignName>
<engineerTo>
<item key="6EB0748C-6369-FD01-5C49-DC77E889AFBC" value="true"/>
</engineerTo>
<nullsAllowed>true</nullsAllowed>
<useDomainConstraints>false</useDomainConstraints>
<use>1</use>
<logicalDatatype>LOGDT020</logicalDatatype>
<dataTypePrecision>100</dataTypePrecision>
<dataTypeScale>1</dataTypeScale>
<ownDataTypeParameters>,100,1</ownDataTypeParameters>
</Attribute>
<Attribute name="Modalidad_pagar" id="6BEF782E-7F11-8072-3123-592CF332690D">
<createdBy>WillOP</createdBy>
<createdTime>2017-06-30 00:40:24 UTC</createdTime>
<ownerDesignName>Entidarelacionfase2</ownerDesignName>
<engineerTo>
<item key="6EB0748C-6369-FD01-5C49-DC77E889AFBC" value="true"/>
</engineerTo>
<nullsAllowed>true</nullsAllowed>
<use>0</use>
<ownDataTypeParameters>,,</ownDataTypeParameters>
</Attribute>
<Attribute name="ID_operario" id="C74F8B5F-DED7-8AD8-2AA1-D19BCFDC15F1">
<createdBy>WillOP</createdBy>
<createdTime>2017-06-30 06:06:27 UTC</createdTime>
<generatorID>AE9EA16A-0F4D-1111-FBD4-B17266AE957E</generatorID>
<ownerDesignName>Entidarelacionfase2</ownerDesignName>
<engineerTo>
<item key="6EB0748C-6369-FD01-5C49-DC77E889AFBC" value="true"/>
</engineerTo>
<referedAttribute>A810C879-E43D-8A9F-7888-039991183491</referedAttribute>
<useDomainConstraints>false</useDomainConstraints>
<use>1</use>
<logicalDatatype>LOGDT011</logicalDatatype>
<ownDataTypeParameters>,,</ownDataTypeParameters>
</Attribute>
</attributes>
<identifiers itemClass="oracle.dbtools.crest.model.design.logical.CandidateKey">
<identifier id="D46C88E9-9AC2-C41D-4B96-1DD3BCE3E7A1" name="Solicitud_prestamo PK">
<createdBy>WillOP</createdBy>
<createdTime>2017-06-28 00:22:45 UTC</createdTime>
<ownerDesignName>Entidarelacionfase2</ownerDesignName>
<engineerTo>
<item key="6EB0748C-6369-FD01-5C49-DC77E889AFBC" value="true"/>
</engineerTo>
<pk>true</pk>
<usedAttributes>
<attributeRef>CBE8D698-2073-652C-B1A9-0EE4773D5966</attributeRef>
</usedAttributes>
</identifier>
</identifiers>
</Entity>