<?xml version = '1.0' encoding = 'UTF-8'?>
<Entity class="oracle.dbtools.crest.model.design.logical.Entity" directorySegmentName="seg_0" id="90850850-ECB7-68F2-E3FE-C323C842E332" name="Detalle_transaccion_cuenta">
<createdBy>WillOP</createdBy>
<createdTime>2017-06-28 00:46:37 UTC</createdTime>
<ownerDesignName>Entidarelacionfase2</ownerDesignName>
<engineerTo>
<item key="6EB0748C-6369-FD01-5C49-DC77E889AFBC" value="true"/>
</engineerTo>
<adequatelyNormalized>NO</adequatelyNormalized>
<expectedVolumes>0</expectedVolumes>
<fwdEngineeringStrategyName>Single Table</fwdEngineeringStrategyName>
<growthPercent>0</growthPercent>
<growthType>Year</growthType>
<maxVolumes>9999999</maxVolumes>
<minVolumes>0</minVolumes>
<normalForm>Third</normalForm>
<attributes itemClass="oracle.dbtools.crest.model.design.logical.Attribute">
<Attribute name="ID_detalle_transaccion" id="F0EFF48E-2ED2-C7D1-000B-EE995E2AFE4A">
<createdBy>WillOP</createdBy>
<createdTime>2017-06-28 00:46:50 UTC</createdTime>
<ownerDesignName>Entidarelacionfase2</ownerDesignName>
<engineerTo>
<item key="6EB0748C-6369-FD01-5C49-DC77E889AFBC" value="true"/>
</engineerTo>
<useDomainConstraints>false</useDomainConstraints>
<use>1</use>
<logicalDatatype>LOGDT011</logicalDatatype>
<ownDataTypeParameters>,,</ownDataTypeParameters>
</Attribute>
<Attribute name="ID_cuenta" id="A01D1FD3-715A-FB1F-5A31-288A094A6AC3">
<createdBy>WillOP</createdBy>
<createdTime>2017-06-28 00:55:18 UTC</createdTime>
<generatorID>1DBAA7D4-330F-FC07-180A-182B0209152F</generatorID>
<ownerDesignName>Entidarelacionfase2</ownerDesignName>
<engineerTo>
<item key="6EB0748C-6369-FD01-5C49-DC77E889AFBC" value="true"/>
</engineerTo>
<referedAttribute>8AB0131C-C1FD-BD67-655C-75A3265E0F64</referedAttribute>
<useDomainConstraints>false</useDomainConstraints>
<use>1</use>
<logicalDatatype>LOGDT011</logicalDatatype>
<ownDataTypeParameters>,,</ownDataTypeParameters>
</Attribute>
<Attribute name="ID_transaccion" id="53DDE703-877E-27A8-088D-2859F99F1022">
<createdBy>WillOP</createdBy>
<createdTime>2017-06-28 00:55:26 UTC</createdTime>
<generatorID>FCFCC9B1-8CDE-D232-3AF8-F3D5C1C0C517</generatorID>
<ownerDesignName>Entidarelacionfase2</ownerDesignName>
<engineerTo>
<item key="6EB0748C-6369-FD01-5C49-DC77E889AFBC" value="true"/>
</engineerTo>
<referedAttribute>5B466E05-BC17-B2CC-0D94-25385D8FD0E4</referedAttribute>
<useDomainConstraints>false</useDomainConstraints>
<use>1</use>
<logicalDatatype>LOGDT011</logicalDatatype>
<ownDataTypeParameters>,,</ownDataTypeParameters>
</Attribute>
</attributes>
<identifiers itemClass="oracle.dbtools.crest.model.design.logical.CandidateKey">
<identifier id="701C0A5B-B96B-903E-1C9C-09D718D17B7E" name="Detalle_transaccion_cuenta PK">
<createdBy>WillOP</createdBy>
<createdTime>2017-06-28 00:47:35 UTC</createdTime>
<ownerDesignName>Entidarelacionfase2</ownerDesignName>
<engineerTo>
<item key="6EB0748C-6369-FD01-5C49-DC77E889AFBC" value="true"/>
</engineerTo>
<pk>true</pk>
<usedAttributes>
<attributeRef>F0EFF48E-2ED2-C7D1-000B-EE995E2AFE4A</attributeRef>
</usedAttributes>
</identifier>
</identifiers>
</Entity>