<?xml version = '1.0' encoding = 'UTF-8'?>
<Entity class="oracle.dbtools.crest.model.design.logical.Entity" directorySegmentName="seg_0" id="C365E816-D473-5CFD-823C-EE15AF9E466B" name="Nomina_empleados">
<createdBy>WillOP</createdBy>
<createdTime>2017-06-28 00:16:09 UTC</createdTime>
<ownerDesignName>Entidarelacionfase2</ownerDesignName>
<engineerTo>
<item key="6EB0748C-6369-FD01-5C49-DC77E889AFBC" value="true"/>
</engineerTo>
<adequatelyNormalized>NO</adequatelyNormalized>
<expectedVolumes>0</expectedVolumes>
<fwdEngineeringStrategyName>Single Table</fwdEngineeringStrategyName>
<growthPercent>0</growthPercent>
<growthType>Year</growthType>
<maxVolumes>9999999</maxVolumes>
<minVolumes>0</minVolumes>
<normalForm>Third</normalForm>
<attributes itemClass="oracle.dbtools.crest.model.design.logical.Attribute">
<Attribute name="ID_nomina" id="3E0F185D-0193-620D-E0E6-2DCB71FD8141">
<createdBy>WillOP</createdBy>
<createdTime>2017-06-28 00:16:26 UTC</createdTime>
<ownerDesignName>Entidarelacionfase2</ownerDesignName>
<engineerTo>
<item key="6EB0748C-6369-FD01-5C49-DC77E889AFBC" value="true"/>
</engineerTo>
<useDomainConstraints>false</useDomainConstraints>
<use>1</use>
<logicalDatatype>LOGDT011</logicalDatatype>
<ownDataTypeParameters>,,</ownDataTypeParameters>
</Attribute>
<Attribute name="Nombre_nomina" id="0F3E1230-36E1-1D20-1AC3-190315FBF0A0">
<createdBy>WillOP</createdBy>
<createdTime>2017-06-28 00:17:10 UTC</createdTime>
<ownerDesignName>Entidarelacionfase2</ownerDesignName>
<engineerTo>
<item key="6EB0748C-6369-FD01-5C49-DC77E889AFBC" value="true"/>
</engineerTo>
<useDomainConstraints>false</useDomainConstraints>
<use>1</use>
<logicalDatatype>LOGDT024</logicalDatatype>
<dataTypeSize>30</dataTypeSize>
<ownDataTypeParameters>30,,</ownDataTypeParameters>
</Attribute>
<Attribute name="ID_institucion" id="98B4EEEB-E7A3-3D3D-F47B-4B2CB4121DCB">
<createdBy>WillOP</createdBy>
<createdTime>2017-06-28 00:49:38 UTC</createdTime>
<generatorID>DDEC29A4-0401-8ECB-13FB-533F896FA9DC</generatorID>
<ownerDesignName>Entidarelacionfase2</ownerDesignName>
<engineerTo>
<item key="6EB0748C-6369-FD01-5C49-DC77E889AFBC" value="true"/>
</engineerTo>
<referedAttribute>5E6EBFE9-BE4B-C2D7-6C62-D88FDDA050C9</referedAttribute>
<useDomainConstraints>false</useDomainConstraints>
<use>1</use>
<logicalDatatype>LOGDT011</logicalDatatype>
<ownDataTypeParameters>,,</ownDataTypeParameters>
</Attribute>
<Attribute name="CUI" id="C7BF24FF-FDBE-7926-FE8B-7ABEE9D5C7BF">
<createdBy>WillOP</createdBy>
<createdTime>2017-07-01 04:28:08 UTC</createdTime>
<generatorID>F4B2A232-386F-82FA-5EF8-406EEEF299B3</generatorID>
<ownerDesignName>Entidarelacionfase2</ownerDesignName>
<engineerTo>
<item key="6EB0748C-6369-FD01-5C49-DC77E889AFBC" value="true"/>
</engineerTo>
<referedAttribute>DA2D7A69-1A6D-84B9-1C01-57FEBE66158A</referedAttribute>
<useDomainConstraints>false</useDomainConstraints>
<use>1</use>
<ownDataTypeParameters>,,</ownDataTypeParameters>
</Attribute>
</attributes>
<identifiers itemClass="oracle.dbtools.crest.model.design.logical.CandidateKey">
<identifier id="72782790-3293-5BB3-FBBF-893DE506A3F2" name="Nomina_empleados PK">
<createdBy>WillOP</createdBy>
<createdTime>2017-06-28 00:17:06 UTC</createdTime>
<ownerDesignName>Entidarelacionfase2</ownerDesignName>
<engineerTo>
<item key="6EB0748C-6369-FD01-5C49-DC77E889AFBC" value="true"/>
</engineerTo>
<pk>true</pk>
<usedAttributes>
<attributeRef>3E0F185D-0193-620D-E0E6-2DCB71FD8141</attributeRef>
<attributeRef>0F3E1230-36E1-1D20-1AC3-190315FBF0A0</attributeRef>
</usedAttributes>
</identifier>
</identifiers>
</Entity>