<?xml version = '1.0' encoding = 'UTF-8'?>
<Entity class="oracle.dbtools.crest.model.design.logical.Entity" directorySegmentName="seg_0" id="DE503A11-5CED-53C8-AB5F-B3737E387962" name="Transaccion">
<createdBy>WillOP</createdBy>
<createdTime>2017-06-28 00:45:25 UTC</createdTime>
<ownerDesignName>Entidarelacionfase2</ownerDesignName>
<engineerTo>
<item key="6EB0748C-6369-FD01-5C49-DC77E889AFBC" value="true"/>
</engineerTo>
<adequatelyNormalized>NO</adequatelyNormalized>
<expectedVolumes>0</expectedVolumes>
<fwdEngineeringStrategyName>Single Table</fwdEngineeringStrategyName>
<growthPercent>0</growthPercent>
<growthType>Year</growthType>
<maxVolumes>9999999</maxVolumes>
<minVolumes>0</minVolumes>
<normalForm>Third</normalForm>
<attributes itemClass="oracle.dbtools.crest.model.design.logical.Attribute">
<Attribute name="ID_transaccion" id="5B466E05-BC17-B2CC-0D94-25385D8FD0E4">
<createdBy>WillOP</createdBy>
<createdTime>2017-06-28 00:45:40 UTC</createdTime>
<ownerDesignName>Entidarelacionfase2</ownerDesignName>
<engineerTo>
<item key="6EB0748C-6369-FD01-5C49-DC77E889AFBC" value="true"/>
</engineerTo>
<useDomainConstraints>false</useDomainConstraints>
<use>1</use>
<logicalDatatype>LOGDT011</logicalDatatype>
<ownDataTypeParameters>,,</ownDataTypeParameters>
</Attribute>
<Attribute name="ID_operario" id="4DE8D83D-65BC-F0DA-9DCF-1F4F5AFF5A70">
<createdBy>WillOP</createdBy>
<createdTime>2017-07-04 17:34:33 UTC</createdTime>
<generatorID>9C84A100-1D07-127B-6CED-FD6654DD4383</generatorID>
<ownerDesignName>Entidarelacionfase2</ownerDesignName>
<engineerTo>
<item key="6EB0748C-6369-FD01-5C49-DC77E889AFBC" value="true"/>
</engineerTo>
<referedAttribute>A810C879-E43D-8A9F-7888-039991183491</referedAttribute>
<useDomainConstraints>false</useDomainConstraints>
<use>1</use>
<logicalDatatype>LOGDT011</logicalDatatype>
<ownDataTypeParameters>,,</ownDataTypeParameters>
</Attribute>
<Attribute name="Puntos_generados_transaccion" id="DA1C8A97-CCCB-68A2-9558-A6EB1E695868">
<createdBy>WillOP</createdBy>
<createdTime>2017-07-04 17:54:31 UTC</createdTime>
<ownerDesignName>Entidarelacionfase2</ownerDesignName>
<engineerTo>
<item key="6EB0748C-6369-FD01-5C49-DC77E889AFBC" value="true"/>
</engineerTo>
<nullsAllowed>true</nullsAllowed>
<use>0</use>
<ownDataTypeParameters>,,</ownDataTypeParameters>
</Attribute>
</attributes>
<identifiers itemClass="oracle.dbtools.crest.model.design.logical.CandidateKey">
<identifier id="B3CF23E9-5922-6000-87DD-F71CFF6DA2F9" name="Transaccion PK">
<createdBy>WillOP</createdBy>
<createdTime>2017-06-28 00:45:55 UTC</createdTime>
<ownerDesignName>Entidarelacionfase2</ownerDesignName>
<engineerTo>
<item key="6EB0748C-6369-FD01-5C49-DC77E889AFBC" value="true"/>
</engineerTo>
<pk>true</pk>
<usedAttributes>
<attributeRef>5B466E05-BC17-B2CC-0D94-25385D8FD0E4</attributeRef>
</usedAttributes>
</identifier>
</identifiers>
</Entity>