<?xml version = '1.0' encoding = 'UTF-8'?>
<Entity class="oracle.dbtools.crest.model.design.logical.Entity" directorySegmentName="seg_0" id="E6C58C50-33DE-2927-667F-400510EC58AC" name="Agencia">
<createdBy>WillOP</createdBy>
<createdTime>2017-06-30 06:03:11 UTC</createdTime>
<ownerDesignName>Entidarelacionfase2</ownerDesignName>
<engineerTo>
<item key="6EB0748C-6369-FD01-5C49-DC77E889AFBC" value="true"/>
</engineerTo>
<adequatelyNormalized>NO</adequatelyNormalized>
<expectedVolumes>0</expectedVolumes>
<fwdEngineeringStrategyName>Single Table</fwdEngineeringStrategyName>
<growthPercent>0</growthPercent>
<growthType>Year</growthType>
<maxVolumes>9999999</maxVolumes>
<minVolumes>0</minVolumes>
<normalForm>Third</normalForm>
<attributes itemClass="oracle.dbtools.crest.model.design.logical.Attribute">
<Attribute name="ID_agencia" id="2171762D-6800-0F57-B704-79990C9A9C46">
<createdBy>WillOP</createdBy>
<createdTime>2017-06-30 06:03:18 UTC</createdTime>
<comment>#</comment>
<ownerDesignName>Entidarelacionfase2</ownerDesignName>
<engineerTo>
<item key="6EB0748C-6369-FD01-5C49-DC77E889AFBC" value="true"/>
</engineerTo>
<useDomainConstraints>false</useDomainConstraints>
<use>1</use>
<logicalDatatype>LOGDT011</logicalDatatype>
<ownDataTypeParameters>,,</ownDataTypeParameters>
</Attribute>
<Attribute name="Nombre_agencia" id="7E9177E8-549A-3F56-1BDB-75812CFF13B6">
<createdBy>WillOP</createdBy>
<createdTime>2017-06-30 06:03:33 UTC</createdTime>
<ownerDesignName>Entidarelacionfase2</ownerDesignName>
<engineerTo>
<item key="6EB0748C-6369-FD01-5C49-DC77E889AFBC" value="true"/>
</engineerTo>
<nullsAllowed>true</nullsAllowed>
<useDomainConstraints>false</useDomainConstraints>
<use>1</use>
<logicalDatatype>LOGDT024</logicalDatatype>
<ownDataTypeParameters>,,</ownDataTypeParameters>
</Attribute>
<Attribute name="Direccion_agencia" id="CB05697B-EFA8-5AAC-92C8-9CCB857F140E">
<createdBy>WillOP</createdBy>
<createdTime>2017-06-30 06:04:37 UTC</createdTime>
<ownerDesignName>Entidarelacionfase2</ownerDesignName>
<engineerTo>
<item key="6EB0748C-6369-FD01-5C49-DC77E889AFBC" value="true"/>
</engineerTo>
<nullsAllowed>true</nullsAllowed>
<useDomainConstraints>false</useDomainConstraints>
<use>1</use>
<logicalDatatype>LOGDT024</logicalDatatype>
<dataTypeSize>30</dataTypeSize>
<ownDataTypeParameters>30,,</ownDataTypeParameters>
</Attribute>
<Attribute name="Telefono_agencia" id="F8494BDD-E360-161E-29F4-17EE7F5290AE">
<createdBy>WillOP</createdBy>
<createdTime>2017-06-30 06:04:53 UTC</createdTime>
<ownerDesignName>Entidarelacionfase2</ownerDesignName>
<engineerTo>
<item key="6EB0748C-6369-FD01-5C49-DC77E889AFBC" value="true"/>
</engineerTo>
<nullsAllowed>true</nullsAllowed>
<useDomainConstraints>false</useDomainConstraints>
<use>1</use>
<logicalDatatype>LOGDT011</logicalDatatype>
<ownDataTypeParameters>,,</ownDataTypeParameters>
</Attribute>
</attributes>
<identifiers itemClass="oracle.dbtools.crest.model.design.logical.CandidateKey">
<identifier id="31451E87-24CF-8B48-C3E6-F39F2F6C8664" name="Agencia PK">
<createdBy>WillOP</createdBy>
<createdTime>2017-06-30 06:03:23 UTC</createdTime>
<ownerDesignName>Entidarelacionfase2</ownerDesignName>
<engineerTo>
<item key="6EB0748C-6369-FD01-5C49-DC77E889AFBC" value="true"/>
</engineerTo>
<pk>true</pk>
<usedAttributes>
<attributeRef>2171762D-6800-0F57-B704-79990C9A9C46</attributeRef>
</usedAttributes>
</identifier>
</identifiers>
</Entity>