<?xml version = '1.0' encoding = 'UTF-8'?>
<Entity class="oracle.dbtools.crest.model.design.logical.Entity" directorySegmentName="seg_0" id="F48E5F43-EFBB-DDA2-6538-DDA13A2DC792" name="Canjero_premio">
<createdBy>WillOP</createdBy>
<createdTime>2017-06-28 00:33:40 UTC</createdTime>
<ownerDesignName>Entidarelacionfase2</ownerDesignName>
<engineerTo>
<item key="6EB0748C-6369-FD01-5C49-DC77E889AFBC" value="true"/>
</engineerTo>
<adequatelyNormalized>NO</adequatelyNormalized>
<expectedVolumes>0</expectedVolumes>
<fwdEngineeringStrategyName>Single Table</fwdEngineeringStrategyName>
<growthPercent>0</growthPercent>
<growthType>Year</growthType>
<maxVolumes>9999999</maxVolumes>
<minVolumes>0</minVolumes>
<normalForm>Third</normalForm>
<attributes itemClass="oracle.dbtools.crest.model.design.logical.Attribute">
<Attribute name="ID_carjeo" id="786B225D-8E7F-2DB9-A317-7A65EA5C20BD">
<createdBy>WillOP</createdBy>
<createdTime>2017-06-28 00:34:05 UTC</createdTime>
<ownerDesignName>Entidarelacionfase2</ownerDesignName>
<engineerTo>
<item key="6EB0748C-6369-FD01-5C49-DC77E889AFBC" value="true"/>
</engineerTo>
<useDomainConstraints>false</useDomainConstraints>
<use>1</use>
<logicalDatatype>LOGDT011</logicalDatatype>
<ownDataTypeParameters>,,</ownDataTypeParameters>
</Attribute>
<Attribute name="ID_cuenta" id="C53AB3AE-970D-90FE-60D9-29E0DDB18AD3">
<createdBy>WillOP</createdBy>
<createdTime>2017-06-28 00:51:54 UTC</createdTime>
<generatorID>7D375770-AFAB-BDA6-8EA0-4384649C4A55</generatorID>
<ownerDesignName>Entidarelacionfase2</ownerDesignName>
<engineerTo>
<item key="6EB0748C-6369-FD01-5C49-DC77E889AFBC" value="true"/>
</engineerTo>
<referedAttribute>8AB0131C-C1FD-BD67-655C-75A3265E0F64</referedAttribute>
<useDomainConstraints>false</useDomainConstraints>
<use>1</use>
<logicalDatatype>LOGDT011</logicalDatatype>
<ownDataTypeParameters>,,</ownDataTypeParameters>
</Attribute>
<Attribute name="ID_articulo" id="7A6DAFB4-DC7A-8C18-6672-E29ED056DE26">
<createdBy>WillOP</createdBy>
<createdTime>2017-06-28 00:52:47 UTC</createdTime>
<generatorID>EA74BD05-F8DB-B4A1-2DBA-788A9D173E3D</generatorID>
<ownerDesignName>Entidarelacionfase2</ownerDesignName>
<engineerTo>
<item key="6EB0748C-6369-FD01-5C49-DC77E889AFBC" value="true"/>
</engineerTo>
<referedAttribute>165737D5-19F8-6B8D-656E-DF765D12373E</referedAttribute>
<useDomainConstraints>false</useDomainConstraints>
<use>1</use>
<logicalDatatype>LOGDT011</logicalDatatype>
<ownDataTypeParameters>,,</ownDataTypeParameters>
</Attribute>
</attributes>
<identifiers itemClass="oracle.dbtools.crest.model.design.logical.CandidateKey">
<identifier id="08E2E17A-3E03-C137-921F-1C9B38D00B53" name="Canjero_premio PK">
<createdBy>WillOP</createdBy>
<createdTime>2017-06-28 00:34:22 UTC</createdTime>
<ownerDesignName>Entidarelacionfase2</ownerDesignName>
<engineerTo>
<item key="6EB0748C-6369-FD01-5C49-DC77E889AFBC" value="true"/>
</engineerTo>
<pk>true</pk>
<usedAttributes>
<attributeRef>786B225D-8E7F-2DB9-A317-7A65EA5C20BD</attributeRef>
</usedAttributes>
</identifier>
</identifiers>
</Entity>