<?xml version = '1.0' encoding = 'UTF-8'?>
<Entity class="oracle.dbtools.crest.model.design.logical.Entity" directorySegmentName="seg_0" id="FC0F9881-49E6-2300-39C6-6095B9EF3C04" name="Gerente_agencia">
<createdBy>WillOP</createdBy>
<createdTime>2017-06-30 15:32:16 UTC</createdTime>
<ownerDesignName>Entidarelacionfase2</ownerDesignName>
<engineerTo>
<item key="6EB0748C-6369-FD01-5C49-DC77E889AFBC" value="true"/>
</engineerTo>
<adequatelyNormalized>NO</adequatelyNormalized>
<expectedVolumes>0</expectedVolumes>
<fwdEngineeringStrategyName>Single Table</fwdEngineeringStrategyName>
<growthPercent>0</growthPercent>
<growthType>Year</growthType>
<maxVolumes>9999999</maxVolumes>
<minVolumes>0</minVolumes>
<normalForm>Third</normalForm>
<attributes itemClass="oracle.dbtools.crest.model.design.logical.Attribute">
<Attribute name="ID_gerente_agencia" id="B4BECE57-D231-B632-D0D9-97BEFBE7BF74">
<createdBy>WillOP</createdBy>
<createdTime>2017-06-30 15:32:29 UTC</createdTime>
<ownerDesignName>Entidarelacionfase2</ownerDesignName>
<engineerTo>
<item key="6EB0748C-6369-FD01-5C49-DC77E889AFBC" value="true"/>
</engineerTo>
<useDomainConstraints>false</useDomainConstraints>
<use>1</use>
<logicalDatatype>LOGDT011</logicalDatatype>
<ownDataTypeParameters>,,</ownDataTypeParameters>
</Attribute>
<Attribute name="Nombre_gerente" id="D70D4817-E555-B432-23EF-1B331D1A366A">
<createdBy>WillOP</createdBy>
<createdTime>2017-06-30 15:32:52 UTC</createdTime>
<ownerDesignName>Entidarelacionfase2</ownerDesignName>
<engineerTo>
<item key="6EB0748C-6369-FD01-5C49-DC77E889AFBC" value="true"/>
</engineerTo>
<nullsAllowed>true</nullsAllowed>
<use>0</use>
<ownDataTypeParameters>,,</ownDataTypeParameters>
</Attribute>
<Attribute name="ID_agencia" id="C69A6FDC-955F-0697-AC30-43B6A36D23B6">
<createdBy>WillOP</createdBy>
<createdTime>2017-06-30 15:33:26 UTC</createdTime>
<comment>#</comment>
<generatorID>E50B2483-D259-FF77-1CCA-35E0B285B083</generatorID>
<ownerDesignName>Entidarelacionfase2</ownerDesignName>
<engineerTo>
<item key="6EB0748C-6369-FD01-5C49-DC77E889AFBC" value="true"/>
</engineerTo>
<referedAttribute>2171762D-6800-0F57-B704-79990C9A9C46</referedAttribute>
<useDomainConstraints>false</useDomainConstraints>
<use>1</use>
<logicalDatatype>LOGDT011</logicalDatatype>
<ownDataTypeParameters>,,</ownDataTypeParameters>
</Attribute>
</attributes>
<identifiers itemClass="oracle.dbtools.crest.model.design.logical.CandidateKey">
<identifier id="BCCCC6B0-FEC6-6AB5-13ED-5C5DDD609C15" name="Gerente_agencia PK">
<createdBy>WillOP</createdBy>
<createdTime>2017-06-30 15:32:49 UTC</createdTime>
<ownerDesignName>Entidarelacionfase2</ownerDesignName>
<engineerTo>
<item key="6EB0748C-6369-FD01-5C49-DC77E889AFBC" value="true"/>
</engineerTo>
<pk>true</pk>
<usedAttributes>
<attributeRef>B4BECE57-D231-B632-D0D9-97BEFBE7BF74</attributeRef>
</usedAttributes>
</identifier>
</identifiers>
</Entity>