<?xml version = '1.0' encoding = 'UTF-8'?>
<Diagram class="oracle.dbtools.crest.swingui.logical.DPVLogical" id="0CB82D03-4952-4705-06F4-FDFD1953D47C">
<createdBy>WillOP</createdBy>
<modifiedBy>WillOP</modifiedBy>
<createdTime>2017-06-28 00:09:13 UTC</createdTime>
<autoRoute>false</autoRoute>
<boxInbox>true</boxInbox>
<showLegend>false</showLegend>
<showLabels>false</showLabels>
<showRelAttributes>false</showRelAttributes>
<gridEnabled>false</gridEnabled>
<showGrid>false</showGrid>
<diagramColor>-1</diagramColor>
<display>false</display>
<notation>1</notation>
<objectViews>
<OView class="oracle.dbtools.crest.swingui.logical.TVEntity" oid="075CCBD6-A31C-4462-9647-1EA40B2A8CBB" otype="Entity" vid="7C4C3A3F-7D82-F751-10FE-569D76DC0986">
<hideElementsInCurrentOnly>false</hideElementsInCurrentOnly>
<bounds x="50" y="50" width="170" height="110"/>
</OView>
<OView class="oracle.dbtools.crest.swingui.logical.TVEntity" oid="0ADA9692-8B04-808C-88BF-884FA1D17B6A" otype="Entity" vid="1F6EA39F-5D1E-DF1D-7FDE-D4AE6F4543F5">
<hideElementsInCurrentOnly>false</hideElementsInCurrentOnly>
<bounds x="170" y="290" width="170" height="110"/>
</OView>
<OView class="oracle.dbtools.crest.swingui.logical.TVEntity" oid="0E6EFEFC-C2E9-6D0E-A261-7FEBDEF6F3A5" otype="Entity" vid="FAE52B00-F4BE-5E69-ACFF-25CBDA781AED">
<hideElementsInCurrentOnly>false</hideElementsInCurrentOnly>
<bounds x="100" y="150" width="170" height="110"/>
</OView>
<OView class="oracle.dbtools.crest.swingui.logical.TVEntity" oid="20988486-1B5A-0639-C8B2-0FFAF586CBF3" otype="Entity" vid="8C108E15-8A54-9E88-0B1A-9ACFF346F5E1">
<hideElementsInCurrentOnly>false</hideElementsInCurrentOnly>
<bounds x="150" y="250" width="170" height="110"/>
</OView>
<OView class="oracle.dbtools.crest.swingui.logical.TVEntity" oid="35AC1068-3C9E-BF19-4FDE-002AC361B0D3" otype="Entity" vid="F8328A38-F11F-8974-E1D3-092808BF7E76">
<hideElementsInCurrentOnly>false</hideElementsInCurrentOnly>
<bounds x="100" y="150" width="170" height="110"/>
</OView>
<OView class="oracle.dbtools.crest.swingui.logical.TVEntity" oid="48630965-FCBC-0727-2519-9FD8010C6B5B" otype="Entity" vid="A5924B03-D4FA-D25B-9ABB-C1D1676B835E">
<hideElementsInCurrentOnly>false</hideElementsInCurrentOnly>
<bounds x="70" y="90" width="170" height="110"/>
<useCustomFormat>true</useCustomFormat>
<useDefaultColor>false</useDefaultColor>
<backgroundColor>-5971457</backgroundColor>
<foregroundColor>-16776961</foregroundColor>
<fonts itemClass="oracle.dbtools.crest.model.design.FontObjectWr">
<FontObject>
<foType>Title</foType>
<fontStyle>1</fontStyle>
<colorRGB>-16776961</colorRGB>
</FontObject>
<FontObject>
<foType>Attribute</foType>
<colorRGB>-16777216</colorRGB>
</FontObject>
<FontObject>
<foType>Datatype</foType>
<colorRGB>-16744448</colorRGB>
</FontObject>
<FontObject>
<foType>PK Element</foType>
<colorRGB>-65485</colorRGB>
</FontObject>
<FontObject>
<foType>FK Element</foType>
<colorRGB>-13369498</colorRGB>
</FontObject>
<FontObject>
<foType>UK Element</foType>
<colorRGB>-16776961</colorRGB>
</FontObject>
<FontObject>
<foType>Not Null</foType>
<colorRGB>-65536</colorRGB>
</FontObject>
<FontObject>
<foType>Key</foType>
<colorRGB>-16777216</colorRGB>
</FontObject>
<FontObject>
<foType>Comments</foType>
<colorRGB>-12566464</colorRGB>
</FontObject>
</fonts>
</OView>
<OView class="oracle.dbtools.crest.swingui.logical.TVEntity" oid="58DF3A18-AA1D-D80C-9947-C7C642D58CAF" otype="Entity" vid="26BD7E16-E3FD-D391-C3BE-FBF2AF9E35A8">
<hideElementsInCurrentOnly>false</hideElementsInCurrentOnly>
<bounds x="130" y="210" width="170" height="110"/>
</OView>
<OView class="oracle.dbtools.crest.swingui.logical.TVEntity" oid="884EC8BF-0B91-F010-885C-72417AE2017A" otype="Entity" vid="7809D2FB-32BD-610A-9F13-C530D0CC7845">
<hideElementsInCurrentOnly>false</hideElementsInCurrentOnly>
<bounds x="110" y="170" width="170" height="110"/>
</OView>
<OView class="oracle.dbtools.crest.swingui.logical.TVEntity" oid="90850850-ECB7-68F2-E3FE-C323C842E332" otype="Entity" vid="FAF8894E-C47F-1B8D-385B-3F6D3AC247EC">
<hideElementsInCurrentOnly>false</hideElementsInCurrentOnly>
<bounds x="190" y="330" width="170" height="110"/>
</OView>
<OView class="oracle.dbtools.crest.swingui.logical.TVEntity" oid="AD0E225A-074B-CE28-C4A8-B6058BF642DC" otype="Entity" vid="B1B8CEB9-323A-79F1-6114-004641F15210">
<hideElementsInCurrentOnly>false</hideElementsInCurrentOnly>
<bounds x="90" y="130" width="170" height="110"/>
</OView>
<OView class="oracle.dbtools.crest.swingui.logical.TVEntity" oid="B8C61CA9-4074-E92E-1A6D-8C3FBBB8CC34" otype="Entity" vid="1F4D60D6-2072-0FE2-32BD-F7E5EB7C040B">
<hideElementsInCurrentOnly>false</hideElementsInCurrentOnly>
<bounds x="100" y="150" width="170" height="110"/>
</OView>
<OView class="oracle.dbtools.crest.swingui.logical.TVEntity" oid="C365E816-D473-5CFD-823C-EE15AF9E466B" otype="Entity" vid="9B2ECEBD-89E6-2861-0275-FED4D60FB73F">
<hideElementsInCurrentOnly>false</hideElementsInCurrentOnly>
<bounds x="80" y="110" width="170" height="110"/>
</OView>
<OView class="oracle.dbtools.crest.swingui.logical.TVEntity" oid="DE503A11-5CED-53C8-AB5F-B3737E387962" otype="Entity" vid="BBFAFE39-F29D-E42B-C757-F4139CB5C32F">
<hideElementsInCurrentOnly>false</hideElementsInCurrentOnly>
<bounds x="180" y="310" width="170" height="110"/>
</OView>
<OView class="oracle.dbtools.crest.swingui.logical.TVEntity" oid="E6C58C50-33DE-2927-667F-400510EC58AC" otype="Entity" vid="FBC713C6-F701-D8CC-5B93-FFC39857E2B1">
<hideElementsInCurrentOnly>false</hideElementsInCurrentOnly>
<bounds x="70" y="90" width="170" height="110"/>
</OView>
<OView class="oracle.dbtools.crest.swingui.logical.TVEntity" oid="F48E5F43-EFBB-DDA2-6538-DDA13A2DC792" otype="Entity" vid="31C55EE5-08A0-BAC5-8523-29EC0C0E15ED">
<hideElementsInCurrentOnly>false</hideElementsInCurrentOnly>
<bounds x="140" y="230" width="170" height="110"/>
</OView>
<OView class="oracle.dbtools.crest.swingui.logical.TVEntity" oid="F80159E0-D377-E2CA-AEE4-B603AD95344A" otype="Entity" vid="6A53935E-2529-E9AF-F0D8-291DF822FF36">
<hideElementsInCurrentOnly>false</hideElementsInCurrentOnly>
<bounds x="160" y="270" width="170" height="110"/>
</OView>
<OView class="oracle.dbtools.crest.swingui.logical.TVEntity" oid="FC0F9881-49E6-2300-39C6-6095B9EF3C04" otype="Entity" vid="75147B4C-3E95-29D4-B96A-080A38C42308">
<hideElementsInCurrentOnly>false</hideElementsInCurrentOnly>
<bounds x="60" y="70" width="170" height="110"/>
</OView>
</objectViews>
<connectors>
<Connector class="oracle.dbtools.crest.swingui.logical.TVRelation" oid="03ACF27F-8E9D-A1DB-A8A2-A44D6BF9B5FF" otype="Relation" vid_source="9B2ECEBD-89E6-2861-0275-FED4D60FB73F" vid_target="FAE52B00-F4BE-5E69-ACFF-25CBDA781AED">
<hideElementsInCurrentOnly>false</hideElementsInCurrentOnly>
<lineWidth>1</lineWidth>
</Connector>
<Connector class="oracle.dbtools.crest.swingui.logical.TVRelation" oid="073B27C5-7BA7-B47C-CAAF-C31B62969207" otype="Relation" vid_source="B1B8CEB9-323A-79F1-6114-004641F15210" vid_target="1F4D60D6-2072-0FE2-32BD-F7E5EB7C040B">
<hideElementsInCurrentOnly>false</hideElementsInCurrentOnly>
<lineWidth>1</lineWidth>
<points>
<point x="260" y="195"/>
<point x="100" y="195"/>
</points>
</Connector>
<Connector class="oracle.dbtools.crest.swingui.logical.TVRelation" oid="12260227-17AE-3278-C640-CA8569B85962" otype="Relation" vid_source="1F4D60D6-2072-0FE2-32BD-F7E5EB7C040B" vid_target="7809D2FB-32BD-610A-9F13-C530D0CC7845">
<hideElementsInCurrentOnly>false</hideElementsInCurrentOnly>
<lineWidth>1</lineWidth>
<points>
<point x="270" y="215"/>
<point x="110" y="215"/>
</points>
</Connector>
<Connector class="oracle.dbtools.crest.swingui.logical.TVRelation" oid="1791F913-79AF-BEDD-0150-32D71D541756" otype="Relation" vid_source="B1B8CEB9-323A-79F1-6114-004641F15210" vid_target="FAE52B00-F4BE-5E69-ACFF-25CBDA781AED">
<hideElementsInCurrentOnly>false</hideElementsInCurrentOnly>
<lineWidth>1</lineWidth>
</Connector>
<Connector class="oracle.dbtools.crest.swingui.logical.TVRelation" oid="1DBAA7D4-330F-FC07-180A-182B0209152F" otype="Relation" vid_source="1F4D60D6-2072-0FE2-32BD-F7E5EB7C040B" vid_target="FAF8894E-C47F-1B8D-385B-3F6D3AC247EC">
<hideElementsInCurrentOnly>false</hideElementsInCurrentOnly>
<lineWidth>1</lineWidth>
<points>
<point x="230" y="260"/>
<point x="230" y="330"/>
</points>
</Connector>
<Connector class="oracle.dbtools.crest.swingui.logical.TVRelation" oid="3E2D42D5-ACF4-F9FF-15F7-9135D6608388" otype="Relation" vid_source="7C4C3A3F-7D82-F751-10FE-569D76DC0986" vid_target="F8328A38-F11F-8974-E1D3-092808BF7E76">
<hideElementsInCurrentOnly>false</hideElementsInCurrentOnly>
<lineWidth>1</lineWidth>
<points>
<point x="220" y="155"/>
<point x="100" y="155"/>
</points>
</Connector>
<Connector class="oracle.dbtools.crest.swingui.logical.TVRelation" oid="3F40ABE8-A863-4150-F932-E33FBAC63CE1" otype="Relation" vid_source="9B2ECEBD-89E6-2861-0275-FED4D60FB73F" vid_target="B1B8CEB9-323A-79F1-6114-004641F15210">
<hideElementsInCurrentOnly>false</hideElementsInCurrentOnly>
<lineWidth>1</lineWidth>
<points>
<point x="250" y="175"/>
<point x="90" y="175"/>
</points>
</Connector>
<Connector class="oracle.dbtools.crest.swingui.logical.TVRelation" oid="52DDDAF3-46F0-6715-702C-17427A986658" otype="Relation" vid_source="1F4D60D6-2072-0FE2-32BD-F7E5EB7C040B" vid_target="26BD7E16-E3FD-D391-C3BE-FBF2AF9E35A8">
<hideElementsInCurrentOnly>false</hideElementsInCurrentOnly>
<lineWidth>1</lineWidth>
<points>
<point x="270" y="235"/>
<point x="130" y="235"/>
</points>
</Connector>
<Connector class="oracle.dbtools.crest.swingui.logical.TVRelation" oid="7D375770-AFAB-BDA6-8EA0-4384649C4A55" otype="Relation" vid_source="1F4D60D6-2072-0FE2-32BD-F7E5EB7C040B" vid_target="31C55EE5-08A0-BAC5-8523-29EC0C0E15ED">
<hideElementsInCurrentOnly>false</hideElementsInCurrentOnly>
<lineWidth>1</lineWidth>
<points>
<point x="270" y="245"/>
<point x="140" y="245"/>
</points>
</Connector>
<Connector class="oracle.dbtools.crest.swingui.logical.TVRelation" oid="9B01AC0A-8FDA-1121-355F-0A917E6DF9CC" otype="Relation" vid_source="6A53935E-2529-E9AF-F0D8-291DF822FF36" vid_target="8C108E15-8A54-9E88-0B1A-9ACFF346F5E1">
<hideElementsInCurrentOnly>false</hideElementsInCurrentOnly>
<lineWidth>1</lineWidth>
<points>
<point x="160" y="315"/>
<point x="320" y="315"/>
</points>
</Connector>
<Connector class="oracle.dbtools.crest.swingui.logical.TVRelation" oid="9C84A100-1D07-127B-6CED-FD6654DD4383" otype="Relation" vid_source="7C4C3A3F-7D82-F751-10FE-569D76DC0986" vid_target="BBFAFE39-F29D-E42B-C757-F4139CB5C32F">
<hideElementsInCurrentOnly>false</hideElementsInCurrentOnly>
<lineWidth>1</lineWidth>
</Connector>
<Connector class="oracle.dbtools.crest.swingui.logical.TVRelation" oid="AE9EA16A-0F4D-1111-FBD4-B17266AE957E" otype="Relation" vid_source="7C4C3A3F-7D82-F751-10FE-569D76DC0986" vid_target="7809D2FB-32BD-610A-9F13-C530D0CC7845">
<hideElementsInCurrentOnly>false</hideElementsInCurrentOnly>
<lineWidth>1</lineWidth>
</Connector>
<Connector class="oracle.dbtools.crest.swingui.logical.TVRelation" oid="BC9C6257-D244-5FFC-459B-6ED031D37C3D" otype="Relation" vid_source="1F4D60D6-2072-0FE2-32BD-F7E5EB7C040B" vid_target="1F6EA39F-5D1E-DF1D-7FDE-D4AE6F4543F5">
<hideElementsInCurrentOnly>false</hideElementsInCurrentOnly>
<lineWidth>1</lineWidth>
<points>
<point x="220" y="260"/>
<point x="220" y="290"/>
</points>
</Connector>
<Connector class="oracle.dbtools.crest.swingui.logical.TVRelation" oid="DADDFB23-2F7A-8755-05C2-868C0E25C7C9" otype="Relation" vid_source="75147B4C-3E95-29D4-B96A-080A38C42308" vid_target="7C4C3A3F-7D82-F751-10FE-569D76DC0986">
<hideElementsInCurrentOnly>false</hideElementsInCurrentOnly>
<lineWidth>1</lineWidth>
</Connector>
<Connector class="oracle.dbtools.crest.swingui.logical.TVRelation" oid="DDEC29A4-0401-8ECB-13FB-533F896FA9DC" otype="Relation" vid_source="A5924B03-D4FA-D25B-9ABB-C1D1676B835E" vid_target="9B2ECEBD-89E6-2861-0275-FED4D60FB73F">
<hideElementsInCurrentOnly>false</hideElementsInCurrentOnly>
<lineWidth>1</lineWidth>
<points>
<point x="240" y="165"/>
<point x="80" y="165"/>
</points>
</Connector>
<Connector class="oracle.dbtools.crest.swingui.logical.TVRelation" oid="E50B2483-D259-FF77-1CCA-35E0B285B083" otype="Relation" vid_source="FBC713C6-F701-D8CC-5B93-FFC39857E2B1" vid_target="75147B4C-3E95-29D4-B96A-080A38C42308">
<hideElementsInCurrentOnly>false</hideElementsInCurrentOnly>
<lineWidth>1</lineWidth>
</Connector>
<Connector class="oracle.dbtools.crest.swingui.logical.TVRelation" oid="EA74BD05-F8DB-B4A1-2DBA-788A9D173E3D" otype="Relation" vid_source="8C108E15-8A54-9E88-0B1A-9ACFF346F5E1" vid_target="31C55EE5-08A0-BAC5-8523-29EC0C0E15ED">
<hideElementsInCurrentOnly>false</hideElementsInCurrentOnly>
<lineWidth>1</lineWidth>
<points>
<point x="150" y="295"/>
<point x="310" y="295"/>
</points>
</Connector>
<Connector class="oracle.dbtools.crest.swingui.logical.TVRelation" oid="F4B2A232-386F-82FA-5EF8-406EEEF299B3" otype="Relation" vid_source="B1B8CEB9-323A-79F1-6114-004641F15210" vid_target="9B2ECEBD-89E6-2861-0275-FED4D60FB73F">
<hideElementsInCurrentOnly>false</hideElementsInCurrentOnly>
<lineWidth>1</lineWidth>
</Connector>
<Connector class="oracle.dbtools.crest.swingui.logical.TVRelation" oid="F54ED146-F026-F2C0-2863-C2562A3F1850" otype="Relation" vid_source="FBC713C6-F701-D8CC-5B93-FFC39857E2B1" vid_target="7C4C3A3F-7D82-F751-10FE-569D76DC0986">
<hideElementsInCurrentOnly>false</hideElementsInCurrentOnly>
<lineWidth>1</lineWidth>
<points>
<point x="70" y="125"/>
<point x="220" y="125"/>
</points>
</Connector>
<Connector class="oracle.dbtools.crest.swingui.logical.TVRelation" oid="FCFCC9B1-8CDE-D232-3AF8-F3D5C1C0C517" otype="Relation" vid_source="BBFAFE39-F29D-E42B-C757-F4139CB5C32F" vid_target="FAF8894E-C47F-1B8D-385B-3F6D3AC247EC">
<hideElementsInCurrentOnly>false</hideElementsInCurrentOnly>
<lineWidth>1</lineWidth>
<points>
<point x="350" y="375"/>
<point x="190" y="375"/>
</points>
</Connector>
</connectors>
<displays>
<Display class="oracle.dbtools.crest.swingui.logical.DPVLogical" name="Display_1" id="F62ABD90-7E48-1275-9CBF-3BCDAFD94B82">
<createdBy>WillOP</createdBy>
<modifiedBy>WillOP</modifiedBy>
<createdTime>2017-06-28 00:10:35 UTC</createdTime>
<autoRoute>false</autoRoute>
<boxInbox>true</boxInbox>
<showLegend>false</showLegend>
<showLabels>false</showLabels>
<showRelAttributes>false</showRelAttributes>
<gridEnabled>false</gridEnabled>
<showGrid>false</showGrid>
<diagramColor>-1</diagramColor>
<display>true</display>
<notation>1</notation>
<objectViews>
<OView class="oracle.dbtools.crest.swingui.logical.TVEntity" oid="075CCBD6-A31C-4462-9647-1EA40B2A8CBB" otype="Entity" vid="D5C168A1-6E26-A171-F034-2BEAEEC1B6F6">
<hideElementsInCurrentOnly>false</hideElementsInCurrentOnly>
<bounds x="50" y="50" width="170" height="110"/>
</OView>
<OView class="oracle.dbtools.crest.swingui.logical.TVEntity" oid="0ADA9692-8B04-808C-88BF-884FA1D17B6A" otype="Entity" vid="D0429729-202A-5BCD-7CFD-C66E40EA5B29">
<hideElementsInCurrentOnly>false</hideElementsInCurrentOnly>
<bounds x="170" y="290" width="170" height="110"/>
</OView>
<OView class="oracle.dbtools.crest.swingui.logical.TVEntity" oid="0E6EFEFC-C2E9-6D0E-A261-7FEBDEF6F3A5" otype="Entity" vid="AC729543-F352-E9C2-3968-F44FCB4857B3">
<hideElementsInCurrentOnly>false</hideElementsInCurrentOnly>
<bounds x="100" y="150" width="170" height="110"/>
</OView>
<OView class="oracle.dbtools.crest.swingui.logical.TVEntity" oid="20988486-1B5A-0639-C8B2-0FFAF586CBF3" otype="Entity" vid="338A1CF7-8227-4612-4D28-67EEFCF9BDC9">
<hideElementsInCurrentOnly>false</hideElementsInCurrentOnly>
<bounds x="150" y="250" width="170" height="110"/>
</OView>
<OView class="oracle.dbtools.crest.swingui.logical.TVEntity" oid="35AC1068-3C9E-BF19-4FDE-002AC361B0D3" otype="Entity" vid="1F41FCE2-2DBA-2B1D-18A9-4488D40AFC83">
<hideElementsInCurrentOnly>false</hideElementsInCurrentOnly>
<bounds x="100" y="150" width="170" height="110"/>
</OView>
<OView class="oracle.dbtools.crest.swingui.logical.TVEntity" oid="48630965-FCBC-0727-2519-9FD8010C6B5B" otype="Entity" vid="E444CBC8-7F94-7450-A5E1-F362445399F6">
<hideElementsInCurrentOnly>false</hideElementsInCurrentOnly>
<bounds x="70" y="90" width="170" height="110"/>
<useCustomFormat>true</useCustomFormat>
<useDefaultColor>false</useDefaultColor>
<backgroundColor>-5971457</backgroundColor>
<foregroundColor>-16776961</foregroundColor>
<fonts itemClass="oracle.dbtools.crest.model.design.FontObjectWr">
<FontObject>
<foType>Title</foType>
<fontStyle>1</fontStyle>
<colorRGB>-16776961</colorRGB>
</FontObject>
<FontObject>
<foType>Attribute</foType>
<colorRGB>-16777216</colorRGB>
</FontObject>
<FontObject>
<foType>Datatype</foType>
<colorRGB>-16744448</colorRGB>
</FontObject>
<FontObject>
<foType>PK Element</foType>
<colorRGB>-65485</colorRGB>
</FontObject>
<FontObject>
<foType>FK Element</foType>
<colorRGB>-13369498</colorRGB>
</FontObject>
<FontObject>
<foType>UK Element</foType>
<colorRGB>-16776961</colorRGB>
</FontObject>
<FontObject>
<foType>Not Null</foType>
<colorRGB>-65536</colorRGB>
</FontObject>
<FontObject>
<foType>Key</foType>
<colorRGB>-16777216</colorRGB>
</FontObject>
<FontObject>
<foType>Comments</foType>
<colorRGB>-12566464</colorRGB>
</FontObject>
</fonts>
</OView>
<OView class="oracle.dbtools.crest.swingui.logical.TVEntity" oid="58DF3A18-AA1D-D80C-9947-C7C642D58CAF" otype="Entity" vid="90571C6D-6707-BA4A-AA44-3FA554351D11">
<hideElementsInCurrentOnly>false</hideElementsInCurrentOnly>
<bounds x="130" y="210" width="170" height="110"/>
</OView>
<OView class="oracle.dbtools.crest.swingui.logical.TVEntity" oid="884EC8BF-0B91-F010-885C-72417AE2017A" otype="Entity" vid="2C9E9317-5C75-B61D-88B7-12FE818C3F31">
<hideElementsInCurrentOnly>false</hideElementsInCurrentOnly>
<bounds x="110" y="170" width="170" height="110"/>
</OView>
<OView class="oracle.dbtools.crest.swingui.logical.TVEntity" oid="90850850-ECB7-68F2-E3FE-C323C842E332" otype="Entity" vid="A9EA5556-A43A-1A13-E2B5-397B8EA9162A">
<hideElementsInCurrentOnly>false</hideElementsInCurrentOnly>
<bounds x="190" y="330" width="170" height="110"/>
</OView>
<OView class="oracle.dbtools.crest.swingui.logical.TVEntity" oid="AD0E225A-074B-CE28-C4A8-B6058BF642DC" otype="Entity" vid="936CAAA0-C72A-89EB-A7F4-199957EBBDF2">
<hideElementsInCurrentOnly>false</hideElementsInCurrentOnly>
<bounds x="90" y="130" width="170" height="110"/>
</OView>
<OView class="oracle.dbtools.crest.swingui.logical.TVEntity" oid="B8C61CA9-4074-E92E-1A6D-8C3FBBB8CC34" otype="Entity" vid="E8E63C9A-DDA0-B9B0-606A-6F4FC92166DF">
<hideElementsInCurrentOnly>false</hideElementsInCurrentOnly>
<bounds x="100" y="150" width="170" height="110"/>
</OView>
<OView class="oracle.dbtools.crest.swingui.logical.TVEntity" oid="C365E816-D473-5CFD-823C-EE15AF9E466B" otype="Entity" vid="A776D2DF-B122-98E4-50EB-404C689CD726">
<hideElementsInCurrentOnly>false</hideElementsInCurrentOnly>
<bounds x="80" y="110" width="170" height="110"/>
</OView>
<OView class="oracle.dbtools.crest.swingui.logical.TVEntity" oid="DE503A11-5CED-53C8-AB5F-B3737E387962" otype="Entity" vid="CD171EC5-FEF2-D864-245B-A108A56FA591">
<hideElementsInCurrentOnly>false</hideElementsInCurrentOnly>
<bounds x="180" y="310" width="170" height="110"/>
</OView>
<OView class="oracle.dbtools.crest.swingui.logical.TVEntity" oid="E6C58C50-33DE-2927-667F-400510EC58AC" otype="Entity" vid="24BEBC82-CE38-6902-CFF4-F983252B2D69">
<hideElementsInCurrentOnly>false</hideElementsInCurrentOnly>
<bounds x="70" y="90" width="170" height="110"/>
</OView>
<OView class="oracle.dbtools.crest.swingui.logical.TVEntity" oid="F48E5F43-EFBB-DDA2-6538-DDA13A2DC792" otype="Entity" vid="D3B203A9-2FEE-9D23-27F8-2EBC7E50DE24">
<hideElementsInCurrentOnly>false</hideElementsInCurrentOnly>
<bounds x="140" y="230" width="170" height="110"/>
</OView>
<OView class="oracle.dbtools.crest.swingui.logical.TVEntity" oid="F80159E0-D377-E2CA-AEE4-B603AD95344A" otype="Entity" vid="1BC00F9A-B1C6-85C2-E3B4-A71D5E2651B6">
<hideElementsInCurrentOnly>false</hideElementsInCurrentOnly>
<bounds x="160" y="270" width="170" height="110"/>
</OView>
<OView class="oracle.dbtools.crest.swingui.logical.TVEntity" oid="FC0F9881-49E6-2300-39C6-6095B9EF3C04" otype="Entity" vid="1B8DC11F-5407-9446-D190-C71171E3A2BB">
<hideElementsInCurrentOnly>false</hideElementsInCurrentOnly>
<bounds x="60" y="70" width="170" height="110"/>
</OView>
</objectViews>
<connectors>
<Connector class="oracle.dbtools.crest.swingui.logical.TVRelation" oid="03ACF27F-8E9D-A1DB-A8A2-A44D6BF9B5FF" otype="Relation" vid_source="A776D2DF-B122-98E4-50EB-404C689CD726" vid_target="AC729543-F352-E9C2-3968-F44FCB4857B3">
<hideElementsInCurrentOnly>false</hideElementsInCurrentOnly>
<lineWidth>1</lineWidth>
</Connector>
<Connector class="oracle.dbtools.crest.swingui.logical.TVRelation" oid="073B27C5-7BA7-B47C-CAAF-C31B62969207" otype="Relation" vid_source="936CAAA0-C72A-89EB-A7F4-199957EBBDF2" vid_target="E8E63C9A-DDA0-B9B0-606A-6F4FC92166DF">
<hideElementsInCurrentOnly>false</hideElementsInCurrentOnly>
<lineWidth>1</lineWidth>
<points>
<point x="260" y="195"/>
<point x="100" y="195"/>
</points>
</Connector>
<Connector class="oracle.dbtools.crest.swingui.logical.TVRelation" oid="12260227-17AE-3278-C640-CA8569B85962" otype="Relation" vid_source="E8E63C9A-DDA0-B9B0-606A-6F4FC92166DF" vid_target="2C9E9317-5C75-B61D-88B7-12FE818C3F31">
<hideElementsInCurrentOnly>false</hideElementsInCurrentOnly>
<lineWidth>1</lineWidth>
<points>
<point x="270" y="215"/>
<point x="110" y="215"/>
</points>
</Connector>
<Connector class="oracle.dbtools.crest.swingui.logical.TVRelation" oid="1791F913-79AF-BEDD-0150-32D71D541756" otype="Relation" vid_source="936CAAA0-C72A-89EB-A7F4-199957EBBDF2" vid_target="AC729543-F352-E9C2-3968-F44FCB4857B3">
<hideElementsInCurrentOnly>false</hideElementsInCurrentOnly>
<lineWidth>1</lineWidth>
</Connector>
<Connector class="oracle.dbtools.crest.swingui.logical.TVRelation" oid="1DBAA7D4-330F-FC07-180A-182B0209152F" otype="Relation" vid_source="E8E63C9A-DDA0-B9B0-606A-6F4FC92166DF" vid_target="A9EA5556-A43A-1A13-E2B5-397B8EA9162A">
<hideElementsInCurrentOnly>false</hideElementsInCurrentOnly>
<lineWidth>1</lineWidth>
<points>
<point x="230" y="260"/>
<point x="230" y="330"/>
</points>
</Connector>
<Connector class="oracle.dbtools.crest.swingui.logical.TVRelation" oid="3E2D42D5-ACF4-F9FF-15F7-9135D6608388" otype="Relation" vid_source="D5C168A1-6E26-A171-F034-2BEAEEC1B6F6" vid_target="1F41FCE2-2DBA-2B1D-18A9-4488D40AFC83">
<hideElementsInCurrentOnly>false</hideElementsInCurrentOnly>
<lineWidth>1</lineWidth>
<points>
<point x="220" y="155"/>
<point x="100" y="155"/>
</points>
</Connector>
<Connector class="oracle.dbtools.crest.swingui.logical.TVRelation" oid="3F40ABE8-A863-4150-F932-E33FBAC63CE1" otype="Relation" vid_source="A776D2DF-B122-98E4-50EB-404C689CD726" vid_target="936CAAA0-C72A-89EB-A7F4-199957EBBDF2">
<hideElementsInCurrentOnly>false</hideElementsInCurrentOnly>
<lineWidth>1</lineWidth>
<points>
<point x="250" y="175"/>
<point x="90" y="175"/>
</points>
</Connector>
<Connector class="oracle.dbtools.crest.swingui.logical.TVRelation" oid="52DDDAF3-46F0-6715-702C-17427A986658" otype="Relation" vid_source="E8E63C9A-DDA0-B9B0-606A-6F4FC92166DF" vid_target="90571C6D-6707-BA4A-AA44-3FA554351D11">
<hideElementsInCurrentOnly>false</hideElementsInCurrentOnly>
<lineWidth>1</lineWidth>
<points>
<point x="270" y="235"/>
<point x="130" y="235"/>
</points>
</Connector>
<Connector class="oracle.dbtools.crest.swingui.logical.TVRelation" oid="7D375770-AFAB-BDA6-8EA0-4384649C4A55" otype="Relation" vid_source="E8E63C9A-DDA0-B9B0-606A-6F4FC92166DF" vid_target="D3B203A9-2FEE-9D23-27F8-2EBC7E50DE24">
<hideElementsInCurrentOnly>false</hideElementsInCurrentOnly>
<lineWidth>1</lineWidth>
<points>
<point x="270" y="245"/>
<point x="140" y="245"/>
</points>
</Connector>
<Connector class="oracle.dbtools.crest.swingui.logical.TVRelation" oid="9B01AC0A-8FDA-1121-355F-0A917E6DF9CC" otype="Relation" vid_source="1BC00F9A-B1C6-85C2-E3B4-A71D5E2651B6" vid_target="338A1CF7-8227-4612-4D28-67EEFCF9BDC9">
<hideElementsInCurrentOnly>false</hideElementsInCurrentOnly>
<lineWidth>1</lineWidth>
<points>
<point x="160" y="315"/>
<point x="320" y="315"/>
</points>
</Connector>
<Connector class="oracle.dbtools.crest.swingui.logical.TVRelation" oid="9C84A100-1D07-127B-6CED-FD6654DD4383" otype="Relation" vid_source="D5C168A1-6E26-A171-F034-2BEAEEC1B6F6" vid_target="CD171EC5-FEF2-D864-245B-A108A56FA591">
<hideElementsInCurrentOnly>false</hideElementsInCurrentOnly>
<lineWidth>1</lineWidth>
</Connector>
<Connector class="oracle.dbtools.crest.swingui.logical.TVRelation" oid="AE9EA16A-0F4D-1111-FBD4-B17266AE957E" otype="Relation" vid_source="D5C168A1-6E26-A171-F034-2BEAEEC1B6F6" vid_target="2C9E9317-5C75-B61D-88B7-12FE818C3F31">
<hideElementsInCurrentOnly>false</hideElementsInCurrentOnly>
<lineWidth>1</lineWidth>
</Connector>
<Connector class="oracle.dbtools.crest.swingui.logical.TVRelation" oid="BC9C6257-D244-5FFC-459B-6ED031D37C3D" otype="Relation" vid_source="E8E63C9A-DDA0-B9B0-606A-6F4FC92166DF" vid_target="D0429729-202A-5BCD-7CFD-C66E40EA5B29">
<hideElementsInCurrentOnly>false</hideElementsInCurrentOnly>
<lineWidth>1</lineWidth>
<points>
<point x="220" y="260"/>
<point x="220" y="290"/>
</points>
</Connector>
<Connector class="oracle.dbtools.crest.swingui.logical.TVRelation" oid="DADDFB23-2F7A-8755-05C2-868C0E25C7C9" otype="Relation" vid_source="1B8DC11F-5407-9446-D190-C71171E3A2BB" vid_target="D5C168A1-6E26-A171-F034-2BEAEEC1B6F6">
<hideElementsInCurrentOnly>false</hideElementsInCurrentOnly>
<lineWidth>1</lineWidth>
</Connector>
<Connector class="oracle.dbtools.crest.swingui.logical.TVRelation" oid="DDEC29A4-0401-8ECB-13FB-533F896FA9DC" otype="Relation" vid_source="E444CBC8-7F94-7450-A5E1-F362445399F6" vid_target="A776D2DF-B122-98E4-50EB-404C689CD726">
<hideElementsInCurrentOnly>false</hideElementsInCurrentOnly>
<lineWidth>1</lineWidth>
<points>
<point x="240" y="165"/>
<point x="80" y="165"/>
</points>
</Connector>
<Connector class="oracle.dbtools.crest.swingui.logical.TVRelation" oid="E50B2483-D259-FF77-1CCA-35E0B285B083" otype="Relation" vid_source="24BEBC82-CE38-6902-CFF4-F983252B2D69" vid_target="1B8DC11F-5407-9446-D190-C71171E3A2BB">
<hideElementsInCurrentOnly>false</hideElementsInCurrentOnly>
<lineWidth>1</lineWidth>
</Connector>
<Connector class="oracle.dbtools.crest.swingui.logical.TVRelation" oid="EA74BD05-F8DB-B4A1-2DBA-788A9D173E3D" otype="Relation" vid_source="338A1CF7-8227-4612-4D28-67EEFCF9BDC9" vid_target="D3B203A9-2FEE-9D23-27F8-2EBC7E50DE24">
<hideElementsInCurrentOnly>false</hideElementsInCurrentOnly>
<lineWidth>1</lineWidth>
<points>
<point x="150" y="295"/>
<point x="310" y="295"/>
</points>
</Connector>
<Connector class="oracle.dbtools.crest.swingui.logical.TVRelation" oid="F4B2A232-386F-82FA-5EF8-406EEEF299B3" otype="Relation" vid_source="936CAAA0-C72A-89EB-A7F4-199957EBBDF2" vid_target="A776D2DF-B122-98E4-50EB-404C689CD726">
<hideElementsInCurrentOnly>false</hideElementsInCurrentOnly>
<lineWidth>1</lineWidth>
</Connector>
<Connector class="oracle.dbtools.crest.swingui.logical.TVRelation" oid="F54ED146-F026-F2C0-2863-C2562A3F1850" otype="Relation" vid_source="24BEBC82-CE38-6902-CFF4-F983252B2D69" vid_target="D5C168A1-6E26-A171-F034-2BEAEEC1B6F6">
<hideElementsInCurrentOnly>false</hideElementsInCurrentOnly>
<lineWidth>1</lineWidth>
<points>
<point x="70" y="125"/>
<point x="220" y="125"/>
</points>
</Connector>
<Connector class="oracle.dbtools.crest.swingui.logical.TVRelation" oid="FCFCC9B1-8CDE-D232-3AF8-F3D5C1C0C517" otype="Relation" vid_source="CD171EC5-FEF2-D864-245B-A108A56FA591" vid_target="A9EA5556-A43A-1A13-E2B5-397B8EA9162A">
<hideElementsInCurrentOnly>false</hideElementsInCurrentOnly>
<lineWidth>1</lineWidth>
<points>
<point x="350" y="375"/>
<point x="190" y="375"/>
</points>
</Connector>
</connectors>
</Display>
<Display class="oracle.dbtools.crest.swingui.logical.DPVLogical" name="Display_2" id="D5619165-1194-C9BA-3947-18D5031BC3AC">
<createdBy>WillOP</createdBy>
<modifiedBy>WillOP</modifiedBy>
<createdTime>2017-06-28 00:11:41 UTC</createdTime>
<autoRoute>false</autoRoute>
<boxInbox>true</boxInbox>
<showLegend>false</showLegend>
<showLabels>false</showLabels>
<showRelAttributes>false</showRelAttributes>
<gridEnabled>false</gridEnabled>
<showGrid>false</showGrid>
<diagramColor>-1</diagramColor>
<display>true</display>
<notation>1</notation>
<objectViews>
<OView class="oracle.dbtools.crest.swingui.logical.TVEntity" oid="075CCBD6-A31C-4462-9647-1EA40B2A8CBB" otype="Entity" vid="EDA97889-8F78-505E-37C5-C16E30081D36">
<hideElementsInCurrentOnly>false</hideElementsInCurrentOnly>
<bounds x="50" y="50" width="170" height="110"/>
</OView>
<OView class="oracle.dbtools.crest.swingui.logical.TVEntity" oid="0ADA9692-8B04-808C-88BF-884FA1D17B6A" otype="Entity" vid="3FF26333-E4A9-1A75-14C0-A181CAD60D35">
<hideElementsInCurrentOnly>false</hideElementsInCurrentOnly>
<bounds x="170" y="290" width="170" height="110"/>
</OView>
<OView class="oracle.dbtools.crest.swingui.logical.TVEntity" oid="0E6EFEFC-C2E9-6D0E-A261-7FEBDEF6F3A5" otype="Entity" vid="8C51F886-ED3C-5CBE-E04C-93891F6E44E6">
<hideElementsInCurrentOnly>false</hideElementsInCurrentOnly>
<bounds x="100" y="150" width="170" height="110"/>
</OView>
<OView class="oracle.dbtools.crest.swingui.logical.TVEntity" oid="20988486-1B5A-0639-C8B2-0FFAF586CBF3" otype="Entity" vid="83DCDE73-CD2A-FB00-929F-86826A494384">
<hideElementsInCurrentOnly>false</hideElementsInCurrentOnly>
<bounds x="150" y="250" width="170" height="110"/>
</OView>
<OView class="oracle.dbtools.crest.swingui.logical.TVEntity" oid="35AC1068-3C9E-BF19-4FDE-002AC361B0D3" otype="Entity" vid="CBCA2414-B145-653C-638C-E37246C9DA26">
<hideElementsInCurrentOnly>false</hideElementsInCurrentOnly>
<bounds x="100" y="150" width="170" height="110"/>
</OView>
<OView class="oracle.dbtools.crest.swingui.logical.TVEntity" oid="48630965-FCBC-0727-2519-9FD8010C6B5B" otype="Entity" vid="DAEF5B45-B95B-E3AB-C595-781A6F843268">
<hideElementsInCurrentOnly>false</hideElementsInCurrentOnly>
<bounds x="70" y="90" width="170" height="110"/>
<useCustomFormat>true</useCustomFormat>
<useDefaultColor>false</useDefaultColor>
<backgroundColor>-5971457</backgroundColor>
<foregroundColor>-16776961</foregroundColor>
<fonts itemClass="oracle.dbtools.crest.model.design.FontObjectWr">
<FontObject>
<foType>Title</foType>
<fontStyle>1</fontStyle>
<colorRGB>-16776961</colorRGB>
</FontObject>
<FontObject>
<foType>Attribute</foType>
<colorRGB>-16777216</colorRGB>
</FontObject>
<FontObject>
<foType>Datatype</foType>
<colorRGB>-16744448</colorRGB>
</FontObject>
<FontObject>
<foType>PK Element</foType>
<colorRGB>-65485</colorRGB>
</FontObject>
<FontObject>
<foType>FK Element</foType>
<colorRGB>-13369498</colorRGB>
</FontObject>
<FontObject>
<foType>UK Element</foType>
<colorRGB>-16776961</colorRGB>
</FontObject>
<FontObject>
<foType>Not Null</foType>
<colorRGB>-65536</colorRGB>
</FontObject>
<FontObject>
<foType>Key</foType>
<colorRGB>-16777216</colorRGB>
</FontObject>
<FontObject>
<foType>Comments</foType>
<colorRGB>-12566464</colorRGB>
</FontObject>
</fonts>
</OView>
<OView class="oracle.dbtools.crest.swingui.logical.TVEntity" oid="58DF3A18-AA1D-D80C-9947-C7C642D58CAF" otype="Entity" vid="F870CBA0-BEE3-96BC-DBDA-9CFF37E022B0">
<hideElementsInCurrentOnly>false</hideElementsInCurrentOnly>
<bounds x="130" y="210" width="170" height="110"/>
</OView>
<OView class="oracle.dbtools.crest.swingui.logical.TVEntity" oid="884EC8BF-0B91-F010-885C-72417AE2017A" otype="Entity" vid="092A7605-EB7C-CFCC-CFB0-0BD06F5266FF">
<hideElementsInCurrentOnly>false</hideElementsInCurrentOnly>
<bounds x="110" y="170" width="170" height="110"/>
</OView>
<OView class="oracle.dbtools.crest.swingui.logical.TVEntity" oid="90850850-ECB7-68F2-E3FE-C323C842E332" otype="Entity" vid="5FE95F3A-07C1-11DF-E438-5BA71948FBA3">
<hideElementsInCurrentOnly>false</hideElementsInCurrentOnly>
<bounds x="190" y="330" width="170" height="110"/>
</OView>
<OView class="oracle.dbtools.crest.swingui.logical.TVEntity" oid="AD0E225A-074B-CE28-C4A8-B6058BF642DC" otype="Entity" vid="74D68194-1766-1A3E-405A-F8375C16B927">
<hideElementsInCurrentOnly>false</hideElementsInCurrentOnly>
<bounds x="90" y="130" width="170" height="110"/>
</OView>
<OView class="oracle.dbtools.crest.swingui.logical.TVEntity" oid="B8C61CA9-4074-E92E-1A6D-8C3FBBB8CC34" otype="Entity" vid="4827F4AD-4128-C2D1-7029-BA863027EF52">
<hideElementsInCurrentOnly>false</hideElementsInCurrentOnly>
<bounds x="100" y="150" width="170" height="110"/>
</OView>
<OView class="oracle.dbtools.crest.swingui.logical.TVEntity" oid="C365E816-D473-5CFD-823C-EE15AF9E466B" otype="Entity" vid="32C8A914-2DD8-DC5C-0F90-F8F9B67D668A">
<hideElementsInCurrentOnly>false</hideElementsInCurrentOnly>
<bounds x="80" y="110" width="170" height="110"/>
</OView>
<OView class="oracle.dbtools.crest.swingui.logical.TVEntity" oid="DE503A11-5CED-53C8-AB5F-B3737E387962" otype="Entity" vid="E356AD19-6CAA-B934-67EC-2CDBAAD944BA">
<hideElementsInCurrentOnly>false</hideElementsInCurrentOnly>
<bounds x="180" y="310" width="170" height="110"/>
</OView>
<OView class="oracle.dbtools.crest.swingui.logical.TVEntity" oid="E6C58C50-33DE-2927-667F-400510EC58AC" otype="Entity" vid="6A1F242C-662C-BE0D-50DC-18F398662A53">
<hideElementsInCurrentOnly>false</hideElementsInCurrentOnly>
<bounds x="70" y="90" width="170" height="110"/>
</OView>
<OView class="oracle.dbtools.crest.swingui.logical.TVEntity" oid="F48E5F43-EFBB-DDA2-6538-DDA13A2DC792" otype="Entity" vid="6DF839C4-96AD-7E16-20F1-A4D51100875E">
<hideElementsInCurrentOnly>false</hideElementsInCurrentOnly>
<bounds x="140" y="230" width="170" height="110"/>
</OView>
<OView class="oracle.dbtools.crest.swingui.logical.TVEntity" oid="F80159E0-D377-E2CA-AEE4-B603AD95344A" otype="Entity" vid="8722BD22-3FCF-1A7F-4B86-0C0EA60F4769">
<hideElementsInCurrentOnly>false</hideElementsInCurrentOnly>
<bounds x="160" y="270" width="170" height="110"/>
</OView>
<OView class="oracle.dbtools.crest.swingui.logical.TVEntity" oid="FC0F9881-49E6-2300-39C6-6095B9EF3C04" otype="Entity" vid="38B6271B-F8A2-2A78-5C4A-43B65D9B63CF">
<hideElementsInCurrentOnly>false</hideElementsInCurrentOnly>
<bounds x="60" y="70" width="170" height="110"/>
</OView>
</objectViews>
<connectors>
<Connector class="oracle.dbtools.crest.swingui.logical.TVRelation" oid="03ACF27F-8E9D-A1DB-A8A2-A44D6BF9B5FF" otype="Relation" vid_source="32C8A914-2DD8-DC5C-0F90-F8F9B67D668A" vid_target="8C51F886-ED3C-5CBE-E04C-93891F6E44E6">
<hideElementsInCurrentOnly>false</hideElementsInCurrentOnly>
<lineWidth>1</lineWidth>
</Connector>
<Connector class="oracle.dbtools.crest.swingui.logical.TVRelation" oid="073B27C5-7BA7-B47C-CAAF-C31B62969207" otype="Relation" vid_source="74D68194-1766-1A3E-405A-F8375C16B927" vid_target="4827F4AD-4128-C2D1-7029-BA863027EF52">
<hideElementsInCurrentOnly>false</hideElementsInCurrentOnly>
<lineWidth>1</lineWidth>
<points>
<point x="260" y="195"/>
<point x="100" y="195"/>
</points>
</Connector>
<Connector class="oracle.dbtools.crest.swingui.logical.TVRelation" oid="12260227-17AE-3278-C640-CA8569B85962" otype="Relation" vid_source="4827F4AD-4128-C2D1-7029-BA863027EF52" vid_target="092A7605-EB7C-CFCC-CFB0-0BD06F5266FF">
<hideElementsInCurrentOnly>false</hideElementsInCurrentOnly>
<lineWidth>1</lineWidth>
<points>
<point x="270" y="215"/>
<point x="110" y="215"/>
</points>
</Connector>
<Connector class="oracle.dbtools.crest.swingui.logical.TVRelation" oid="1791F913-79AF-BEDD-0150-32D71D541756" otype="Relation" vid_source="74D68194-1766-1A3E-405A-F8375C16B927" vid_target="8C51F886-ED3C-5CBE-E04C-93891F6E44E6">
<hideElementsInCurrentOnly>false</hideElementsInCurrentOnly>
<lineWidth>1</lineWidth>
</Connector>
<Connector class="oracle.dbtools.crest.swingui.logical.TVRelation" oid="1DBAA7D4-330F-FC07-180A-182B0209152F" otype="Relation" vid_source="4827F4AD-4128-C2D1-7029-BA863027EF52" vid_target="5FE95F3A-07C1-11DF-E438-5BA71948FBA3">
<hideElementsInCurrentOnly>false</hideElementsInCurrentOnly>
<lineWidth>1</lineWidth>
<points>
<point x="230" y="260"/>
<point x="230" y="330"/>
</points>
</Connector>
<Connector class="oracle.dbtools.crest.swingui.logical.TVRelation" oid="3E2D42D5-ACF4-F9FF-15F7-9135D6608388" otype="Relation" vid_source="EDA97889-8F78-505E-37C5-C16E30081D36" vid_target="CBCA2414-B145-653C-638C-E37246C9DA26">
<hideElementsInCurrentOnly>false</hideElementsInCurrentOnly>
<lineWidth>1</lineWidth>
<points>
<point x="220" y="155"/>
<point x="100" y="155"/>
</points>
</Connector>
<Connector class="oracle.dbtools.crest.swingui.logical.TVRelation" oid="3F40ABE8-A863-4150-F932-E33FBAC63CE1" otype="Relation" vid_source="32C8A914-2DD8-DC5C-0F90-F8F9B67D668A" vid_target="74D68194-1766-1A3E-405A-F8375C16B927">
<hideElementsInCurrentOnly>false</hideElementsInCurrentOnly>
<lineWidth>1</lineWidth>
<points>
<point x="250" y="175"/>
<point x="90" y="175"/>
</points>
</Connector>
<Connector class="oracle.dbtools.crest.swingui.logical.TVRelation" oid="52DDDAF3-46F0-6715-702C-17427A986658" otype="Relation" vid_source="4827F4AD-4128-C2D1-7029-BA863027EF52" vid_target="F870CBA0-BEE3-96BC-DBDA-9CFF37E022B0">
<hideElementsInCurrentOnly>false</hideElementsInCurrentOnly>
<lineWidth>1</lineWidth>
<points>
<point x="270" y="235"/>
<point x="130" y="235"/>
</points>
</Connector>
<Connector class="oracle.dbtools.crest.swingui.logical.TVRelation" oid="7D375770-AFAB-BDA6-8EA0-4384649C4A55" otype="Relation" vid_source="4827F4AD-4128-C2D1-7029-BA863027EF52" vid_target="6DF839C4-96AD-7E16-20F1-A4D51100875E">
<hideElementsInCurrentOnly>false</hideElementsInCurrentOnly>
<lineWidth>1</lineWidth>
<points>
<point x="270" y="245"/>
<point x="140" y="245"/>
</points>
</Connector>
<Connector class="oracle.dbtools.crest.swingui.logical.TVRelation" oid="9B01AC0A-8FDA-1121-355F-0A917E6DF9CC" otype="Relation" vid_source="8722BD22-3FCF-1A7F-4B86-0C0EA60F4769" vid_target="83DCDE73-CD2A-FB00-929F-86826A494384">
<hideElementsInCurrentOnly>false</hideElementsInCurrentOnly>
<lineWidth>1</lineWidth>
<points>
<point x="160" y="315"/>
<point x="320" y="315"/>
</points>
</Connector>
<Connector class="oracle.dbtools.crest.swingui.logical.TVRelation" oid="9C84A100-1D07-127B-6CED-FD6654DD4383" otype="Relation" vid_source="EDA97889-8F78-505E-37C5-C16E30081D36" vid_target="E356AD19-6CAA-B934-67EC-2CDBAAD944BA">
<hideElementsInCurrentOnly>false</hideElementsInCurrentOnly>
<lineWidth>1</lineWidth>
</Connector>
<Connector class="oracle.dbtools.crest.swingui.logical.TVRelation" oid="AE9EA16A-0F4D-1111-FBD4-B17266AE957E" otype="Relation" vid_source="EDA97889-8F78-505E-37C5-C16E30081D36" vid_target="092A7605-EB7C-CFCC-CFB0-0BD06F5266FF">
<hideElementsInCurrentOnly>false</hideElementsInCurrentOnly>
<lineWidth>1</lineWidth>
</Connector>
<Connector class="oracle.dbtools.crest.swingui.logical.TVRelation" oid="BC9C6257-D244-5FFC-459B-6ED031D37C3D" otype="Relation" vid_source="4827F4AD-4128-C2D1-7029-BA863027EF52" vid_target="3FF26333-E4A9-1A75-14C0-A181CAD60D35">
<hideElementsInCurrentOnly>false</hideElementsInCurrentOnly>
<lineWidth>1</lineWidth>
<points>
<point x="220" y="260"/>
<point x="220" y="290"/>
</points>
</Connector>
<Connector class="oracle.dbtools.crest.swingui.logical.TVRelation" oid="DADDFB23-2F7A-8755-05C2-868C0E25C7C9" otype="Relation" vid_source="38B6271B-F8A2-2A78-5C4A-43B65D9B63CF" vid_target="EDA97889-8F78-505E-37C5-C16E30081D36">
<hideElementsInCurrentOnly>false</hideElementsInCurrentOnly>
<lineWidth>1</lineWidth>
</Connector>
<Connector class="oracle.dbtools.crest.swingui.logical.TVRelation" oid="DDEC29A4-0401-8ECB-13FB-533F896FA9DC" otype="Relation" vid_source="DAEF5B45-B95B-E3AB-C595-781A6F843268" vid_target="32C8A914-2DD8-DC5C-0F90-F8F9B67D668A">
<hideElementsInCurrentOnly>false</hideElementsInCurrentOnly>
<lineWidth>1</lineWidth>
<points>
<point x="240" y="165"/>
<point x="80" y="165"/>
</points>
</Connector>
<Connector class="oracle.dbtools.crest.swingui.logical.TVRelation" oid="E50B2483-D259-FF77-1CCA-35E0B285B083" otype="Relation" vid_source="6A1F242C-662C-BE0D-50DC-18F398662A53" vid_target="38B6271B-F8A2-2A78-5C4A-43B65D9B63CF">
<hideElementsInCurrentOnly>false</hideElementsInCurrentOnly>
<lineWidth>1</lineWidth>
</Connector>
<Connector class="oracle.dbtools.crest.swingui.logical.TVRelation" oid="EA74BD05-F8DB-B4A1-2DBA-788A9D173E3D" otype="Relation" vid_source="83DCDE73-CD2A-FB00-929F-86826A494384" vid_target="6DF839C4-96AD-7E16-20F1-A4D51100875E">
<hideElementsInCurrentOnly>false</hideElementsInCurrentOnly>
<lineWidth>1</lineWidth>
<points>
<point x="150" y="295"/>
<point x="310" y="295"/>
</points>
</Connector>
<Connector class="oracle.dbtools.crest.swingui.logical.TVRelation" oid="F4B2A232-386F-82FA-5EF8-406EEEF299B3" otype="Relation" vid_source="74D68194-1766-1A3E-405A-F8375C16B927" vid_target="32C8A914-2DD8-DC5C-0F90-F8F9B67D668A">
<hideElementsInCurrentOnly>false</hideElementsInCurrentOnly>
<lineWidth>1</lineWidth>
</Connector>
<Connector class="oracle.dbtools.crest.swingui.logical.TVRelation" oid="F54ED146-F026-F2C0-2863-C2562A3F1850" otype="Relation" vid_source="6A1F242C-662C-BE0D-50DC-18F398662A53" vid_target="EDA97889-8F78-505E-37C5-C16E30081D36">
<hideElementsInCurrentOnly>false</hideElementsInCurrentOnly>
<lineWidth>1</lineWidth>
<points>
<point x="70" y="125"/>
<point x="220" y="125"/>
</points>
</Connector>
<Connector class="oracle.dbtools.crest.swingui.logical.TVRelation" oid="FCFCC9B1-8CDE-D232-3AF8-F3D5C1C0C517" otype="Relation" vid_source="E356AD19-6CAA-B934-67EC-2CDBAAD944BA" vid_target="5FE95F3A-07C1-11DF-E438-5BA71948FBA3">
<hideElementsInCurrentOnly>false</hideElementsInCurrentOnly>
<lineWidth>1</lineWidth>
<points>
<point x="350" y="375"/>
<point x="190" y="375"/>
</points>
</Connector>
</connectors>
</Display>
</displays>
</Diagram>