<?xml version = '1.0' encoding = 'UTF-8'?>
<Diagram class="oracle.dbtools.crest.swingui.logical.DPVLogicalSubView" name="Logical - SubView_1" id="54DAF1F6-9D9C-58E4-E564-B49498EAF2F1">
<createdBy>WillOP</createdBy>
<modifiedBy>WillOP</modifiedBy>
<createdTime>2017-06-28 00:11:49 UTC</createdTime>
<autoRoute>false</autoRoute>
<boxInbox>true</boxInbox>
<showLegend>false</showLegend>
<showLabels>false</showLabels>
<showRelAttributes>false</showRelAttributes>
<gridEnabled>false</gridEnabled>
<showGrid>false</showGrid>
<diagramColor>-1</diagramColor>
<display>false</display>
<notation>1</notation>
<objectViews>
<OView class="oracle.dbtools.crest.swingui.logical.TVEntity" oid="075CCBD6-A31C-4462-9647-1EA40B2A8CBB" otype="Entity" vid="5DF16A82-8A2D-A5DD-20C4-D79FBBD3E9E2">
<hideElementsInCurrentOnly>false</hideElementsInCurrentOnly>
<bounds x="275" y="510" width="170" height="110"/>
</OView>
<OView class="oracle.dbtools.crest.swingui.logical.TVEntity" oid="0ADA9692-8B04-808C-88BF-884FA1D17B6A" otype="Entity" vid="61A73AA9-6884-9D1F-4FF9-A3001C52A75A">
<hideElementsInCurrentOnly>false</hideElementsInCurrentOnly>
<bounds x="1287" y="425" width="170" height="110"/>
</OView>
<OView class="oracle.dbtools.crest.swingui.logical.TVEntity" oid="0E6EFEFC-C2E9-6D0E-A261-7FEBDEF6F3A5" otype="Entity" vid="7D8772E3-EAEA-3878-6F31-9157BC4501F1">
<hideElementsInCurrentOnly>false</hideElementsInCurrentOnly>
<bounds x="750" y="103" width="170" height="110"/>
</OView>
<OView class="oracle.dbtools.crest.swingui.logical.TVEntity" oid="20988486-1B5A-0639-C8B2-0FFAF586CBF3" otype="Entity" vid="2CD23BC7-DC5B-D6FC-9DCC-2098763B460D">
<hideElementsInCurrentOnly>false</hideElementsInCurrentOnly>
<bounds x="1291" y="792" width="170" height="110"/>
</OView>
<OView class="oracle.dbtools.crest.swingui.logical.TVEntity" oid="35AC1068-3C9E-BF19-4FDE-002AC361B0D3" otype="Entity" vid="7AEADAE4-917F-3818-C131-B119ACAFDDED">
<hideElementsInCurrentOnly>false</hideElementsInCurrentOnly>
<bounds x="27" y="510" width="170" height="110"/>
</OView>
<OView class="oracle.dbtools.crest.swingui.logical.TVEntity" oid="48630965-FCBC-0727-2519-9FD8010C6B5B" otype="Entity" vid="E0ADE7E0-9A10-6AA7-703A-26CBBA542D53">
<hideElementsInCurrentOnly>false</hideElementsInCurrentOnly>
<bounds x="207" y="87" width="170" height="137"/>
<useCustomFormat>true</useCustomFormat>
<useDefaultColor>false</useDefaultColor>
<backgroundColor>-5971457</backgroundColor>
<foregroundColor>-16776961</foregroundColor>
<fonts itemClass="oracle.dbtools.crest.model.design.FontObjectWr">
<FontObject>
<foType>Title</foType>
<fontStyle>1</fontStyle>
<colorRGB>-16776961</colorRGB>
</FontObject>
<FontObject>
<foType>Attribute</foType>
<colorRGB>-16777216</colorRGB>
</FontObject>
<FontObject>
<foType>Datatype</foType>
<colorRGB>-16744448</colorRGB>
</FontObject>
<FontObject>
<foType>PK Element</foType>
<colorRGB>-65485</colorRGB>
</FontObject>
<FontObject>
<foType>FK Element</foType>
<colorRGB>-13369498</colorRGB>
</FontObject>
<FontObject>
<foType>UK Element</foType>
<colorRGB>-16776961</colorRGB>
</FontObject>
<FontObject>
<foType>Not Null</foType>
<colorRGB>-65536</colorRGB>
</FontObject>
<FontObject>
<foType>Key</foType>
<colorRGB>-16777216</colorRGB>
</FontObject>
<FontObject>
<foType>Comments</foType>
<colorRGB>-12566464</colorRGB>
</FontObject>
</fonts>
</OView>
<OView class="oracle.dbtools.crest.swingui.logical.TVEntity" oid="58DF3A18-AA1D-D80C-9947-C7C642D58CAF" otype="Entity" vid="34417DFB-C96E-4E27-BFD7-A839B6FF2B6E">
<hideElementsInCurrentOnly>false</hideElementsInCurrentOnly>
<bounds x="1290" y="226" width="170" height="110"/>
</OView>
<OView class="oracle.dbtools.crest.swingui.logical.TVEntity" oid="884EC8BF-0B91-F010-885C-72417AE2017A" otype="Entity" vid="26322EC6-7F1F-0897-D51C-057D6BB2C14F">
<hideElementsInCurrentOnly>false</hideElementsInCurrentOnly>
<bounds x="292" y="293" width="170" height="111"/>
</OView>
<OView class="oracle.dbtools.crest.swingui.logical.TVEntity" oid="90850850-ECB7-68F2-E3FE-C323C842E332" otype="Entity" vid="2D0B8EF8-0A46-9A29-7477-68CACD8F8EEA">
<hideElementsInCurrentOnly>false</hideElementsInCurrentOnly>
<bounds x="850" y="791" width="170" height="110"/>
</OView>
<OView class="oracle.dbtools.crest.swingui.logical.TVEntity" oid="AD0E225A-074B-CE28-C4A8-B6058BF642DC" otype="Entity" vid="7288DEB3-372E-5AB0-73C2-645169C6A3E7">
<hideElementsInCurrentOnly>false</hideElementsInCurrentOnly>
<bounds x="1015" y="84" width="170" height="151"/>
</OView>
<OView class="oracle.dbtools.crest.swingui.logical.TVEntity" oid="B8C61CA9-4074-E92E-1A6D-8C3FBBB8CC34" otype="Entity" vid="A7CDD128-1B4F-65AB-550C-89C54033D45C">
<hideElementsInCurrentOnly>false</hideElementsInCurrentOnly>
<bounds x="960" y="355" width="170" height="110"/>
</OView>
<OView class="oracle.dbtools.crest.swingui.logical.TVEntity" oid="C365E816-D473-5CFD-823C-EE15AF9E466B" otype="Entity" vid="CF9CCC6F-D49B-BBCA-2039-D065D0D99AC9">
<hideElementsInCurrentOnly>false</hideElementsInCurrentOnly>
<bounds x="505" y="84" width="170" height="110"/>
</OView>
<OView class="oracle.dbtools.crest.swingui.logical.TVEntity" oid="DE503A11-5CED-53C8-AB5F-B3737E387962" otype="Entity" vid="66048E50-1966-135E-7EB0-3577159CE105">
<hideElementsInCurrentOnly>false</hideElementsInCurrentOnly>
<bounds x="286" y="787" width="170" height="110"/>
</OView>
<OView class="oracle.dbtools.crest.swingui.logical.TVEntity" oid="E6C58C50-33DE-2927-667F-400510EC58AC" otype="Entity" vid="611C7BA4-88DF-29B2-3189-6B60FA648EEB">
<hideElementsInCurrentOnly>false</hideElementsInCurrentOnly>
<bounds x="778" y="492" width="170" height="110"/>
</OView>
<OView class="oracle.dbtools.crest.swingui.logical.TVEntity" oid="F48E5F43-EFBB-DDA2-6538-DDA13A2DC792" otype="Entity" vid="F9069C15-7898-09DC-E8D9-C99435170190">
<hideElementsInCurrentOnly>false</hideElementsInCurrentOnly>
<bounds x="1079" y="792" width="170" height="110"/>
</OView>
<OView class="oracle.dbtools.crest.swingui.logical.TVEntity" oid="F80159E0-D377-E2CA-AEE4-B603AD95344A" otype="Entity" vid="F454D703-F362-9BD0-F3B3-EED47E64BE05">
<hideElementsInCurrentOnly>false</hideElementsInCurrentOnly>
<bounds x="1292" y="619" width="170" height="110"/>
</OView>
<OView class="oracle.dbtools.crest.swingui.logical.TVEntity" oid="FC0F9881-49E6-2300-39C6-6095B9EF3C04" otype="Entity" vid="0282E6EE-B14A-F160-F83B-04AC4FA7DD51">
<hideElementsInCurrentOnly>false</hideElementsInCurrentOnly>
<bounds x="532" y="589" width="199" height="110"/>
</OView>
</objectViews>
<connectors>
<Connector class="oracle.dbtools.crest.swingui.logical.TVRelation" oid="03ACF27F-8E9D-A1DB-A8A2-A44D6BF9B5FF" otype="Relation" vid_source="CF9CCC6F-D49B-BBCA-2039-D065D0D99AC9" vid_target="7D8772E3-EAEA-3878-6F31-9157BC4501F1">
<hideElementsInCurrentOnly>false</hideElementsInCurrentOnly>
<lineWidth>1</lineWidth>
<points>
<point x="675" y="168"/>
<point x="750" y="168"/>
</points>
</Connector>
<Connector class="oracle.dbtools.crest.swingui.logical.TVRelation" oid="073B27C5-7BA7-B47C-CAAF-C31B62969207" otype="Relation" vid_source="7288DEB3-372E-5AB0-73C2-645169C6A3E7" vid_target="A7CDD128-1B4F-65AB-550C-89C54033D45C">
<hideElementsInCurrentOnly>false</hideElementsInCurrentOnly>
<lineWidth>1</lineWidth>
<points>
<point x="1072" y="235"/>
<point x="1072" y="355"/>
</points>
</Connector>
<Connector class="oracle.dbtools.crest.swingui.logical.TVRelation" oid="12260227-17AE-3278-C640-CA8569B85962" otype="Relation" vid_source="A7CDD128-1B4F-65AB-550C-89C54033D45C" vid_target="26322EC6-7F1F-0897-D51C-057D6BB2C14F">
<hideElementsInCurrentOnly>false</hideElementsInCurrentOnly>
<lineWidth>1</lineWidth>
<points>
<point x="960" y="379"/>
<point x="462" y="379"/>
</points>
</Connector>
<Connector class="oracle.dbtools.crest.swingui.logical.TVRelation" oid="1791F913-79AF-BEDD-0150-32D71D541756" otype="Relation" vid_source="7288DEB3-372E-5AB0-73C2-645169C6A3E7" vid_target="7D8772E3-EAEA-3878-6F31-9157BC4501F1">
<hideElementsInCurrentOnly>false</hideElementsInCurrentOnly>
<lineWidth>1</lineWidth>
<points>
<point x="1015" y="168"/>
<point x="920" y="168"/>
</points>
</Connector>
<Connector class="oracle.dbtools.crest.swingui.logical.TVRelation" oid="1DBAA7D4-330F-FC07-180A-182B0209152F" otype="Relation" vid_source="A7CDD128-1B4F-65AB-550C-89C54033D45C" vid_target="2D0B8EF8-0A46-9A29-7477-68CACD8F8EEA">
<hideElementsInCurrentOnly>false</hideElementsInCurrentOnly>
<lineWidth>1</lineWidth>
<points>
<point x="990" y="465"/>
<point x="990" y="791"/>
</points>
</Connector>
<Connector class="oracle.dbtools.crest.swingui.logical.TVRelation" oid="3E2D42D5-ACF4-F9FF-15F7-9135D6608388" otype="Relation" vid_source="5DF16A82-8A2D-A5DD-20C4-D79FBBD3E9E2" vid_target="7AEADAE4-917F-3818-C131-B119ACAFDDED">
<hideElementsInCurrentOnly>false</hideElementsInCurrentOnly>
<lineWidth>1</lineWidth>
<points>
<point x="275" y="565"/>
<point x="197" y="565"/>
</points>
</Connector>
<Connector class="oracle.dbtools.crest.swingui.logical.TVRelation" oid="52DDDAF3-46F0-6715-702C-17427A986658" otype="Relation" vid_source="A7CDD128-1B4F-65AB-550C-89C54033D45C" vid_target="34417DFB-C96E-4E27-BFD7-A839B6FF2B6E">
<hideElementsInCurrentOnly>false</hideElementsInCurrentOnly>
<lineWidth>1</lineWidth>
<points>
<point x="1130" y="376"/>
<point x="1290" y="314"/>
</points>
</Connector>
<Connector class="oracle.dbtools.crest.swingui.logical.TVRelation" oid="7D375770-AFAB-BDA6-8EA0-4384649C4A55" otype="Relation" vid_source="A7CDD128-1B4F-65AB-550C-89C54033D45C" vid_target="F9069C15-7898-09DC-E8D9-C99435170190">
<hideElementsInCurrentOnly>false</hideElementsInCurrentOnly>
<lineWidth>1</lineWidth>
<points>
<point x="1104" y="465"/>
<point x="1104" y="792"/>
</points>
</Connector>
<Connector class="oracle.dbtools.crest.swingui.logical.TVRelation" oid="9B01AC0A-8FDA-1121-355F-0A917E6DF9CC" otype="Relation" vid_source="F454D703-F362-9BD0-F3B3-EED47E64BE05" vid_target="2CD23BC7-DC5B-D6FC-9DCC-2098763B460D">
<hideElementsInCurrentOnly>false</hideElementsInCurrentOnly>
<lineWidth>1</lineWidth>
<points>
<point x="1376" y="729"/>
<point x="1376" y="792"/>
</points>
</Connector>
<Connector class="oracle.dbtools.crest.swingui.logical.TVRelation" oid="9C84A100-1D07-127B-6CED-FD6654DD4383" otype="Relation" vid_source="5DF16A82-8A2D-A5DD-20C4-D79FBBD3E9E2" vid_target="66048E50-1966-135E-7EB0-3577159CE105">
<hideElementsInCurrentOnly>false</hideElementsInCurrentOnly>
<lineWidth>1</lineWidth>
<points>
<point x="365" y="620"/>
<point x="365" y="787"/>
</points>
</Connector>
<Connector class="oracle.dbtools.crest.swingui.logical.TVRelation" oid="AE9EA16A-0F4D-1111-FBD4-B17266AE957E" otype="Relation" vid_source="5DF16A82-8A2D-A5DD-20C4-D79FBBD3E9E2" vid_target="26322EC6-7F1F-0897-D51C-057D6BB2C14F">
<hideElementsInCurrentOnly>false</hideElementsInCurrentOnly>
<lineWidth>1</lineWidth>
<points>
<point x="368" y="510"/>
<point x="368" y="404"/>
</points>
</Connector>
<Connector class="oracle.dbtools.crest.swingui.logical.TVRelation" oid="BC9C6257-D244-5FFC-459B-6ED031D37C3D" otype="Relation" vid_source="A7CDD128-1B4F-65AB-550C-89C54033D45C" vid_target="61A73AA9-6884-9D1F-4FF9-A3001C52A75A">
<hideElementsInCurrentOnly>false</hideElementsInCurrentOnly>
<lineWidth>1</lineWidth>
<points>
<point x="1130" y="445"/>
<point x="1287" y="445"/>
</points>
</Connector>
<Connector class="oracle.dbtools.crest.swingui.logical.TVRelation" oid="DADDFB23-2F7A-8755-05C2-868C0E25C7C9" otype="Relation" vid_source="0282E6EE-B14A-F160-F83B-04AC4FA7DD51" vid_target="5DF16A82-8A2D-A5DD-20C4-D79FBBD3E9E2">
<hideElementsInCurrentOnly>false</hideElementsInCurrentOnly>
<lineWidth>1</lineWidth>
<points>
<point x="532" y="604"/>
<point x="445" y="604"/>
</points>
</Connector>
<Connector class="oracle.dbtools.crest.swingui.logical.TVRelation" oid="DDEC29A4-0401-8ECB-13FB-533F896FA9DC" otype="Relation" vid_source="E0ADE7E0-9A10-6AA7-703A-26CBBA542D53" vid_target="CF9CCC6F-D49B-BBCA-2039-D065D0D99AC9">
<hideElementsInCurrentOnly>false</hideElementsInCurrentOnly>
<lineWidth>1</lineWidth>
<points>
<point x="377" y="140"/>
<point x="505" y="140"/>
</points>
</Connector>
<Connector class="oracle.dbtools.crest.swingui.logical.TVRelation" oid="E50B2483-D259-FF77-1CCA-35E0B285B083" otype="Relation" vid_source="611C7BA4-88DF-29B2-3189-6B60FA648EEB" vid_target="0282E6EE-B14A-F160-F83B-04AC4FA7DD51">
<hideElementsInCurrentOnly>false</hideElementsInCurrentOnly>
<lineWidth>1</lineWidth>
<points>
<point x="778" y="595"/>
<point x="731" y="595"/>
</points>
</Connector>
<Connector class="oracle.dbtools.crest.swingui.logical.TVRelation" oid="EA74BD05-F8DB-B4A1-2DBA-788A9D173E3D" otype="Relation" vid_source="2CD23BC7-DC5B-D6FC-9DCC-2098763B460D" vid_target="F9069C15-7898-09DC-E8D9-C99435170190">
<hideElementsInCurrentOnly>false</hideElementsInCurrentOnly>
<lineWidth>1</lineWidth>
<points>
<point x="1291" y="847"/>
<point x="1249" y="847"/>
</points>
</Connector>
<Connector class="oracle.dbtools.crest.swingui.logical.TVRelation" oid="F54ED146-F026-F2C0-2863-C2562A3F1850" otype="Relation" vid_source="611C7BA4-88DF-29B2-3189-6B60FA648EEB" vid_target="5DF16A82-8A2D-A5DD-20C4-D79FBBD3E9E2">
<hideElementsInCurrentOnly>false</hideElementsInCurrentOnly>
<lineWidth>1</lineWidth>
<points>
<point x="778" y="556"/>
<point x="445" y="556"/>
</points>
</Connector>
<Connector class="oracle.dbtools.crest.swingui.logical.TVRelation" oid="FCFCC9B1-8CDE-D232-3AF8-F3D5C1C0C517" otype="Relation" vid_source="66048E50-1966-135E-7EB0-3577159CE105" vid_target="2D0B8EF8-0A46-9A29-7477-68CACD8F8EEA">
<hideElementsInCurrentOnly>false</hideElementsInCurrentOnly>
<lineWidth>1</lineWidth>
<points>
<point x="456" y="844"/>
<point x="850" y="844"/>
</points>
</Connector>
</connectors>
</Diagram>